customers,algorithm,runs,best_distance,average_distance,std_dev,worst_distance,average_time_seconds,average_iterations_or_generations,average_route_evaluations,best_route
5,Hill Climbing,30,274.3077,276.6923,6.1836,292.1926,5.6e-05,2.87,29.67,W -> C2 -> C3 -> C4 -> C1 -> C5 -> W
5,Simulated Annealing,30,274.3077,274.3077,0.0,274.3077,0.038116,11508,11509,W -> C5 -> C1 -> C4 -> C3 -> C2 -> W
5,Genetic Algorithm,30,274.3077,274.3077,0.0,274.3077,0.077673,200,10050,W -> C2 -> C3 -> C4 -> C1 -> C5 -> W
10,Hill Climbing,30,398.5839,424.6186,22.4633,483.567,0.000744,6.27,283,W -> C3 -> C4 -> C9 -> C10 -> C2 -> C6 -> C8 -> C5 -> C1 -> C7 -> W
10,Simulated Annealing,30,398.5839,403.9546,4.6402,415.686,0.050971,11508,11509,W -> C3 -> C4 -> C9 -> C10 -> C2 -> C6 -> C8 -> C5 -> C1 -> C7 -> W
10,Genetic Algorithm,30,398.5839,408.3264,9.922,429.8407,0.093191,200,10050,W -> C3 -> C4 -> C9 -> C10 -> C2 -> C6 -> C8 -> C5 -> C1 -> C7 -> W
20,Hill Climbing,30,499.0039,572.7107,46.4315,687.7862,0.013792,15.03,2857.33,W -> C8 -> C13 -> C16 -> C3 -> C10 -> C9 -> C4 -> C18 -> C7 -> C12 -> C1 -> C5 -> C19 -> C20 -> C15 -> C14 -> C6 -> C17 -> C2 -> C11 -> W
20,Simulated Annealing,30,479.4694,533.9685,28.3004,581.812,0.07699,11508,11509,W -> C17 -> C6 -> C14 -> C15 -> C20 -> C8 -> C13 -> C19 -> C5 -> C1 -> C12 -> C7 -> C16 -> C3 -> C4 -> C18 -> C9 -> C10 -> C2 -> C11 -> W
20,Genetic Algorithm,30,480.256,544.7848,32.4192,591.556,0.125498,200,10050,W -> C3 -> C4 -> C18 -> C9 -> C10 -> C2 -> C11 -> C17 -> C6 -> C14 -> C15 -> C8 -> C20 -> C19 -> C5 -> C1 -> C12 -> C7 -> C13 -> C16 -> W
30,Hill Climbing,30,608.7839,676.288,42.6461,818.0124,0.070546,23.6,10267,W -> C26 -> C21 -> C3 -> C22 -> C4 -> C18 -> C9 -> C24 -> C10 -> C30 -> C2 -> C28 -> C11 -> C8 -> C20 -> C27 -> C13 -> C7 -> C12 -> C1 -> C5 -> C19 -> C23 -> C15 -> C14 -> C6 -> C17 -> C29 -> C16 -> C25 -> W
30,Simulated Annealing,30,577.9691,629.3322,33.8467,694.2391,0.100883,11508,11509,W -> C29 -> C15 -> C14 -> C6 -> C17 -> C11 -> C28 -> C2 -> C30 -> C22 -> C10 -> C24 -> C9 -> C18 -> C16 -> C13 -> C27 -> C8 -> C20 -> C23 -> C19 -> C5 -> C1 -> C12 -> C7 -> C25 -> C4 -> C3 -> C21 -> C26 -> W
30,Genetic Algorithm,30,571.1872,641.4981,41.4377,757.5217,0.153495,200,10050,W -> C30 -> C10 -> C22 -> C4 -> C24 -> C9 -> C18 -> C25 -> C16 -> C13 -> C7 -> C12 -> C1 -> C5 -> C19 -> C23 -> C27 -> C8 -> C20 -> C15 -> C14 -> C6 -> C29 -> C17 -> C28 -> C2 -> C11 -> C3 -> C21 -> C26 -> W
