customers,algorithm,seed,best_distance,execution_time_seconds,iterations_or_generations,route_evaluations,best_route
5,Hill Climbing,1,292.1926,4.8e-05,2,21,W -> C3 -> C4 -> C1 -> C5 -> C2 -> W
5,Hill Climbing,2,274.3077,9.8e-05,3,31,W -> C2 -> C3 -> C4 -> C1 -> C5 -> W
5,Hill Climbing,3,274.3077,5.5e-05,3,31,W -> C2 -> C3 -> C4 -> C1 -> C5 -> W
5,Hill Climbing,4,274.3077,5.2e-05,3,31,W -> C5 -> C1 -> C4 -> C3 -> C2 -> W
5,Hill Climbing,5,274.3077,5.2e-05,3,31,W -> C5 -> C1 -> C4 -> C3 -> C2 -> W
5,Hill Climbing,6,274.3077,5.4e-05,2,21,W -> C2 -> C3 -> C4 -> C1 -> C5 -> W
5,Hill Climbing,7,274.3077,3.6e-05,2,21,W -> C5 -> C1 -> C4 -> C3 -> C2 -> W
5,Hill Climbing,8,274.3077,3.5e-05,2,21,W -> C5 -> C1 -> C4 -> C3 -> C2 -> W
5,Hill Climbing,9,274.3077,3.9e-05,2,21,W -> C5 -> C1 -> C4 -> C3 -> C2 -> W
5,Hill Climbing,10,274.3077,3.5e-05,2,21,W -> C2 -> C3 -> C4 -> C1 -> C5 -> W
5,Hill Climbing,11,274.3077,8.4e-05,5,51,W -> C2 -> C3 -> C4 -> C1 -> C5 -> W
5,Hill Climbing,12,292.1926,6.8e-05,4,41,W -> C2 -> C5 -> C1 -> C4 -> C3 -> W
5,Hill Climbing,13,274.3077,5.3e-05,3,31,W -> C2 -> C3 -> C4 -> C1 -> C5 -> W
5,Hill Climbing,14,274.3077,5.1e-05,3,31,W -> C2 -> C3 -> C4 -> C1 -> C5 -> W
5,Hill Climbing,15,274.3077,5.1e-05,3,31,W -> C2 -> C3 -> C4 -> C1 -> C5 -> W
5,Hill Climbing,16,274.3077,6.7e-05,4,41,W -> C5 -> C1 -> C4 -> C3 -> C2 -> W
5,Hill Climbing,17,274.3077,8.3e-05,5,51,W -> C5 -> C1 -> C4 -> C3 -> C2 -> W
5,Hill Climbing,18,274.3077,6.7e-05,4,41,W -> C5 -> C1 -> C4 -> C3 -> C2 -> W
5,Hill Climbing,19,274.3077,5.1e-05,3,31,W -> C2 -> C3 -> C4 -> C1 -> C5 -> W
5,Hill Climbing,20,274.3077,2e-05,1,11,W -> C5 -> C1 -> C4 -> C3 -> C2 -> W
5,Hill Climbing,21,274.3077,5.1e-05,3,31,W -> C5 -> C1 -> C4 -> C3 -> C2 -> W
5,Hill Climbing,22,292.1926,2e-05,1,11,W -> C3 -> C4 -> C1 -> C5 -> C2 -> W
5,Hill Climbing,23,274.3077,5.1e-05,3,31,W -> C5 -> C1 -> C4 -> C3 -> C2 -> W
5,Hill Climbing,24,274.3077,6.7e-05,4,41,W -> C2 -> C3 -> C4 -> C1 -> C5 -> W
5,Hill Climbing,25,292.1926,5.1e-05,3,31,W -> C3 -> C4 -> C1 -> C5 -> C2 -> W
5,Hill Climbing,26,274.3077,3.6e-05,2,21,W -> C5 -> C1 -> C4 -> C3 -> C2 -> W
5,Hill Climbing,27,274.3077,3.5e-05,2,21,W -> C5 -> C1 -> C4 -> C3 -> C2 -> W
5,Hill Climbing,28,274.3077,9e-05,5,51,W -> C5 -> C1 -> C4 -> C3 -> C2 -> W
5,Hill Climbing,29,274.3077,4.4e-05,2,21,W -> C2 -> C3 -> C4 -> C1 -> C5 -> W
5,Hill Climbing,30,274.3077,3.9e-05,2,21,W -> C5 -> C1 -> C4 -> C3 -> C2 -> W
5,Simulated Annealing,1,274.3077,0.037124,11508,11509,W -> C5 -> C1 -> C4 -> C3 -> C2 -> W
5,Simulated Annealing,2,274.3077,0.036776,11508,11509,W -> C2 -> C3 -> C4 -> C1 -> C5 -> W
5,Simulated Annealing,3,274.3077,0.036863,11508,11509,W -> C2 -> C3 -> C4 -> C1 -> C5 -> W
5,Simulated Annealing,4,274.3077,0.037207,11508,11509,W -> C2 -> C3 -> C4 -> C1 -> C5 -> W
5,Simulated Annealing,5,274.3077,0.03718,11508,11509,W -> C5 -> C1 -> C4 -> C3 -> C2 -> W
5,Simulated Annealing,6,274.3077,0.037179,11508,11509,W -> C2 -> C3 -> C4 -> C1 -> C5 -> W
5,Simulated Annealing,7,274.3077,0.038294,11508,11509,W -> C5 -> C1 -> C4 -> C3 -> C2 -> W
5,Simulated Annealing,8,274.3077,0.037017,11508,11509,W -> C5 -> C1 -> C4 -> C3 -> C2 -> W
5,Simulated Annealing,9,274.3077,0.037346,11508,11509,W -> C5 -> C1 -> C4 -> C3 -> C2 -> W
5,Simulated Annealing,10,274.3077,0.037689,11508,11509,W -> C2 -> C3 -> C4 -> C1 -> C5 -> W
5,Simulated Annealing,11,274.3077,0.037724,11508,11509,W -> C2 -> C3 -> C4 -> C1 -> C5 -> W
5,Simulated Annealing,12,274.3077,0.037217,11508,11509,W -> C2 -> C3 -> C4 -> C1 -> C5 -> W
5,Simulated Annealing,13,274.3077,0.037278,11508,11509,W -> C5 -> C1 -> C4 -> C3 -> C2 -> W
5,Simulated Annealing,14,274.3077,0.037254,11508,11509,W -> C2 -> C3 -> C4 -> C1 -> C5 -> W
5,Simulated Annealing,15,274.3077,0.036945,11508,11509,W -> C5 -> C1 -> C4 -> C3 -> C2 -> W
5,Simulated Annealing,16,274.3077,0.03718,11508,11509,W -> C5 -> C1 -> C4 -> C3 -> C2 -> W
5,Simulated Annealing,17,274.3077,0.037615,11508,11509,W -> C5 -> C1 -> C4 -> C3 -> C2 -> W
5,Simulated Annealing,18,274.3077,0.037452,11508,11509,W -> C5 -> C1 -> C4 -> C3 -> C2 -> W
5,Simulated Annealing,19,274.3077,0.037181,11508,11509,W -> C5 -> C1 -> C4 -> C3 -> C2 -> W
5,Simulated Annealing,20,274.3077,0.037655,11508,11509,W -> C5 -> C1 -> C4 -> C3 -> C2 -> W
5,Simulated Annealing,21,274.3077,0.037149,11508,11509,W -> C5 -> C1 -> C4 -> C3 -> C2 -> W
5,Simulated Annealing,22,274.3077,0.037083,11508,11509,W -> C5 -> C1 -> C4 -> C3 -> C2 -> W
5,Simulated Annealing,23,274.3077,0.037145,11508,11509,W -> C5 -> C1 -> C4 -> C3 -> C2 -> W
5,Simulated Annealing,24,274.3077,0.037532,11508,11509,W -> C2 -> C3 -> C4 -> C1 -> C5 -> W
5,Simulated Annealing,25,274.3077,0.037777,11508,11509,W -> C5 -> C1 -> C4 -> C3 -> C2 -> W
5,Simulated Annealing,26,274.3077,0.037476,11508,11509,W -> C2 -> C3 -> C4 -> C1 -> C5 -> W
5,Simulated Annealing,27,274.3077,0.037236,11508,11509,W -> C5 -> C1 -> C4 -> C3 -> C2 -> W
5,Simulated Annealing,28,274.3077,0.037358,11508,11509,W -> C5 -> C1 -> C4 -> C3 -> C2 -> W
5,Simulated Annealing,29,274.3077,0.037305,11508,11509,W -> C2 -> C3 -> C4 -> C1 -> C5 -> W
5,Simulated Annealing,30,274.3077,0.037559,11508,11509,W -> C5 -> C1 -> C4 -> C3 -> C2 -> W
5,Genetic Algorithm,1,274.3077,0.07889,200,10050,W -> C2 -> C3 -> C4 -> C1 -> C5 -> W
5,Genetic Algorithm,2,274.3077,0.077465,200,10050,W -> C5 -> C1 -> C4 -> C3 -> C2 -> W
5,Genetic Algorithm,3,274.3077,0.077372,200,10050,W -> C5 -> C1 -> C4 -> C3 -> C2 -> W
5,Genetic Algorithm,4,274.3077,0.077307,200,10050,W -> C2 -> C3 -> C4 -> C1 -> C5 -> W
5,Genetic Algorithm,5,274.3077,0.077775,200,10050,W -> C5 -> C1 -> C4 -> C3 -> C2 -> W
5,Genetic Algorithm,6,274.3077,0.078048,200,10050,W -> C2 -> C3 -> C4 -> C1 -> C5 -> W
5,Genetic Algorithm,7,274.3077,0.077122,200,10050,W -> C5 -> C1 -> C4 -> C3 -> C2 -> W
5,Genetic Algorithm,8,274.3077,0.07749,200,10050,W -> C2 -> C3 -> C4 -> C1 -> C5 -> W
5,Genetic Algorithm,9,274.3077,0.077689,200,10050,W -> C5 -> C1 -> C4 -> C3 -> C2 -> W
5,Genetic Algorithm,10,274.3077,0.077431,200,10050,W -> C5 -> C1 -> C4 -> C3 -> C2 -> W
5,Genetic Algorithm,11,274.3077,0.077478,200,10050,W -> C2 -> C3 -> C4 -> C1 -> C5 -> W
5,Genetic Algorithm,12,274.3077,0.077203,200,10050,W -> C5 -> C1 -> C4 -> C3 -> C2 -> W
5,Genetic Algorithm,13,274.3077,0.076968,200,10050,W -> C2 -> C3 -> C4 -> C1 -> C5 -> W
5,Genetic Algorithm,14,274.3077,0.077311,200,10050,W -> C2 -> C3 -> C4 -> C1 -> C5 -> W
5,Genetic Algorithm,15,274.3077,0.077315,200,10050,W -> C2 -> C3 -> C4 -> C1 -> C5 -> W
5,Genetic Algorithm,16,274.3077,0.077262,200,10050,W -> C2 -> C3 -> C4 -> C1 -> C5 -> W
5,Genetic Algorithm,17,274.3077,0.077576,200,10050,W -> C5 -> C1 -> C4 -> C3 -> C2 -> W
5,Genetic Algorithm,18,274.3077,0.077116,200,10050,W -> C2 -> C3 -> C4 -> C1 -> C5 -> W
5,Genetic Algorithm,19,274.3077,0.077331,200,10050,W -> C2 -> C3 -> C4 -> C1 -> C5 -> W
5,Genetic Algorithm,20,274.3077,0.077517,200,10050,W -> C5 -> C1 -> C4 -> C3 -> C2 -> W
5,Genetic Algorithm,21,274.3077,0.077664,200,10050,W -> C2 -> C3 -> C4 -> C1 -> C5 -> W
5,Genetic Algorithm,22,274.3077,0.077178,200,10050,W -> C5 -> C1 -> C4 -> C3 -> C2 -> W
5,Genetic Algorithm,23,274.3077,0.0787,200,10050,W -> C2 -> C3 -> C4 -> C1 -> C5 -> W
5,Genetic Algorithm,24,274.3077,0.077422,200,10050,W -> C5 -> C1 -> C4 -> C3 -> C2 -> W
5,Genetic Algorithm,25,274.3077,0.07762,200,10050,W -> C5 -> C1 -> C4 -> C3 -> C2 -> W
5,Genetic Algorithm,26,274.3077,0.077283,200,10050,W -> C5 -> C1 -> C4 -> C3 -> C2 -> W
5,Genetic Algorithm,27,274.3077,0.077549,200,10050,W -> C5 -> C1 -> C4 -> C3 -> C2 -> W
5,Genetic Algorithm,28,274.3077,0.077801,200,10050,W -> C2 -> C3 -> C4 -> C1 -> C5 -> W
5,Genetic Algorithm,29,274.3077,0.077922,200,10050,W -> C2 -> C3 -> C4 -> C1 -> C5 -> W
5,Genetic Algorithm,30,274.3077,0.077938,200,10050,W -> C2 -> C3 -> C4 -> C1 -> C5 -> W
10,Hill Climbing,1,418.6566,0.000638,5,226,W -> C4 -> C9 -> C10 -> C2 -> C6 -> C8 -> C5 -> C1 -> C7 -> C3 -> W
10,Hill Climbing,2,412.6233,0.000886,7,316,W -> C10 -> C9 -> C4 -> C3 -> C7 -> C1 -> C5 -> C8 -> C6 -> C2 -> W
10,Hill Climbing,3,402.2229,0.000939,8,361,W -> C2 -> C6 -> C8 -> C5 -> C1 -> C7 -> C4 -> C9 -> C10 -> C3 -> W
10,Hill Climbing,4,434.6184,0.000791,7,316,W -> C3 -> C4 -> C7 -> C1 -> C5 -> C8 -> C6 -> C2 -> C10 -> C9 -> W
10,Hill Climbing,5,398.5839,0.000814,7,316,W -> C3 -> C4 -> C9 -> C10 -> C2 -> C6 -> C8 -> C5 -> C1 -> C7 -> W
10,Hill Climbing,6,412.6233,0.000714,6,271,W -> C10 -> C9 -> C4 -> C3 -> C7 -> C1 -> C5 -> C8 -> C6 -> C2 -> W
10,Hill Climbing,7,434.6184,0.000705,6,271,W -> C9 -> C10 -> C2 -> C6 -> C8 -> C5 -> C1 -> C7 -> C4 -> C3 -> W
10,Hill Climbing,8,434.6184,0.000813,7,316,W -> C3 -> C4 -> C7 -> C1 -> C5 -> C8 -> C6 -> C2 -> C10 -> C9 -> W
10,Hill Climbing,9,398.5839,0.000818,7,316,W -> C3 -> C4 -> C9 -> C10 -> C2 -> C6 -> C8 -> C5 -> C1 -> C7 -> W
10,Hill Climbing,10,439.4278,0.000581,5,226,W -> C3 -> C8 -> C6 -> C2 -> C10 -> C9 -> C4 -> C7 -> C1 -> C5 -> W
10,Hill Climbing,11,418.6571,0.000597,5,226,W -> C8 -> C7 -> C1 -> C5 -> C6 -> C2 -> C10 -> C9 -> C4 -> C3 -> W
10,Hill Climbing,12,412.6233,0.000816,7,316,W -> C10 -> C9 -> C4 -> C3 -> C7 -> C1 -> C5 -> C8 -> C6 -> C2 -> W
10,Hill Climbing,13,418.6566,0.00093,8,361,W -> C3 -> C7 -> C1 -> C5 -> C8 -> C6 -> C2 -> C10 -> C9 -> C4 -> W
10,Hill Climbing,14,412.6233,0.000471,4,181,W -> C2 -> C6 -> C8 -> C5 -> C1 -> C7 -> C3 -> C4 -> C9 -> C10 -> W
10,Hill Climbing,15,439.8244,0.000726,6,271,W -> C3 -> C2 -> C6 -> C8 -> C5 -> C1 -> C7 -> C9 -> C10 -> C4 -> W
10,Hill Climbing,16,421.9136,0.00076,6,271,W -> C5 -> C1 -> C7 -> C4 -> C9 -> C10 -> C3 -> C2 -> C6 -> C8 -> W
10,Hill Climbing,17,448.9612,0.000627,5,226,W -> C1 -> C5 -> C8 -> C6 -> C2 -> C10 -> C9 -> C4 -> C3 -> C7 -> W
10,Hill Climbing,18,408.0592,0.000714,6,271,W -> C5 -> C1 -> C7 -> C3 -> C4 -> C9 -> C10 -> C2 -> C6 -> C8 -> W
10,Hill Climbing,19,468.8527,0.000698,6,271,W -> C5 -> C1 -> C7 -> C4 -> C3 -> C8 -> C6 -> C2 -> C10 -> C9 -> W
10,Hill Climbing,20,473.1407,0.000583,5,226,W -> C8 -> C5 -> C1 -> C7 -> C9 -> C10 -> C2 -> C6 -> C4 -> C3 -> W
10,Hill Climbing,21,448.9612,0.000816,7,316,W -> C1 -> C5 -> C8 -> C6 -> C2 -> C10 -> C9 -> C4 -> C3 -> C7 -> W
10,Hill Climbing,22,411.1243,0.000698,6,271,W -> C6 -> C2 -> C10 -> C9 -> C4 -> C3 -> C7 -> C1 -> C5 -> C8 -> W
10,Hill Climbing,23,483.567,0.00075,6,271,W -> C5 -> C8 -> C6 -> C2 -> C3 -> C4 -> C10 -> C9 -> C7 -> C1 -> W
10,Hill Climbing,24,422.5273,0.000821,6,271,W -> C6 -> C8 -> C5 -> C1 -> C7 -> C4 -> C9 -> C10 -> C3 -> C2 -> W
10,Hill Climbing,25,421.9136,0.000812,7,316,W -> C8 -> C6 -> C2 -> C3 -> C10 -> C9 -> C4 -> C7 -> C1 -> C5 -> W
10,Hill Climbing,26,418.6566,0.000715,6,271,W -> C4 -> C9 -> C10 -> C2 -> C6 -> C8 -> C5 -> C1 -> C7 -> C3 -> W
10,Hill Climbing,27,398.5839,0.001041,9,406,W -> C3 -> C4 -> C9 -> C10 -> C2 -> C6 -> C8 -> C5 -> C1 -> C7 -> W
10,Hill Climbing,28,422.5273,0.000456,4,181,W -> C6 -> C8 -> C5 -> C1 -> C7 -> C4 -> C9 -> C10 -> C3 -> C2 -> W
10,Hill Climbing,29,402.2229,0.000806,7,316,W -> C3 -> C10 -> C9 -> C4 -> C7 -> C1 -> C5 -> C8 -> C6 -> C2 -> W
10,Hill Climbing,30,398.5839,0.000814,7,316,W -> C3 -> C4 -> C9 -> C10 -> C2 -> C6 -> C8 -> C5 -> C1 -> C7 -> W
10,Simulated Annealing,1,402.2229,0.050085,11508,11509,W -> C2 -> C6 -> C8 -> C5 -> C1 -> C7 -> C4 -> C9 -> C10 -> C3 -> W
10,Simulated Annealing,2,408.673,0.050273,11508,11509,W -> C6 -> C8 -> C5 -> C1 -> C7 -> C3 -> C4 -> C9 -> C10 -> C2 -> W
10,Simulated Annealing,3,402.2229,0.050227,11508,11509,W -> C3 -> C10 -> C9 -> C4 -> C7 -> C1 -> C5 -> C8 -> C6 -> C2 -> W
10,Simulated Annealing,4,415.686,0.049782,11508,11509,W -> C2 -> C6 -> C8 -> C5 -> C1 -> C7 -> C3 -> C10 -> C9 -> C4 -> W
10,Simulated Annealing,5,398.5839,0.049901,11508,11509,W -> C3 -> C4 -> C9 -> C10 -> C2 -> C6 -> C8 -> C5 -> C1 -> C7 -> W
10,Simulated Annealing,6,398.5839,0.049595,11508,11509,W -> C7 -> C1 -> C5 -> C8 -> C6 -> C2 -> C10 -> C9 -> C4 -> C3 -> W
10,Simulated Annealing,7,398.5839,0.049886,11508,11509,W -> C7 -> C1 -> C5 -> C8 -> C6 -> C2 -> C10 -> C9 -> C4 -> C3 -> W
10,Simulated Annealing,8,402.2229,0.049942,11508,11509,W -> C3 -> C10 -> C9 -> C4 -> C7 -> C1 -> C5 -> C8 -> C6 -> C2 -> W
10,Simulated Annealing,9,408.0592,0.049887,11508,11509,W -> C5 -> C1 -> C7 -> C3 -> C4 -> C9 -> C10 -> C2 -> C6 -> C8 -> W
10,Simulated Annealing,10,408.673,0.05004,11508,11509,W -> C6 -> C8 -> C5 -> C1 -> C7 -> C3 -> C4 -> C9 -> C10 -> C2 -> W
10,Simulated Annealing,11,402.2229,0.049793,11508,11509,W -> C2 -> C6 -> C8 -> C5 -> C1 -> C7 -> C4 -> C9 -> C10 -> C3 -> W
10,Simulated Annealing,12,402.2229,0.049462,11508,11509,W -> C2 -> C6 -> C8 -> C5 -> C1 -> C7 -> C4 -> C9 -> C10 -> C3 -> W
10,Simulated Annealing,13,408.0592,0.049611,11508,11509,W -> C8 -> C6 -> C2 -> C10 -> C9 -> C4 -> C3 -> C7 -> C1 -> C5 -> W
10,Simulated Annealing,14,408.673,0.049535,11508,11509,W -> C6 -> C8 -> C5 -> C1 -> C7 -> C3 -> C4 -> C9 -> C10 -> C2 -> W
10,Simulated Annealing,15,398.5839,0.049325,11508,11509,W -> C7 -> C1 -> C5 -> C8 -> C6 -> C2 -> C10 -> C9 -> C4 -> C3 -> W
10,Simulated Annealing,16,411.1243,0.049262,11508,11509,W -> C6 -> C2 -> C10 -> C9 -> C4 -> C3 -> C7 -> C1 -> C5 -> C8 -> W
10,Simulated Annealing,17,408.0592,0.049303,11508,11509,W -> C8 -> C6 -> C2 -> C10 -> C9 -> C4 -> C3 -> C7 -> C1 -> C5 -> W
10,Simulated Annealing,18,402.2229,0.04952,11508,11509,W -> C3 -> C10 -> C9 -> C4 -> C7 -> C1 -> C5 -> C8 -> C6 -> C2 -> W
10,Simulated Annealing,19,408.0592,0.049368,11508,11509,W -> C8 -> C6 -> C2 -> C10 -> C9 -> C4 -> C3 -> C7 -> C1 -> C5 -> W
10,Simulated Annealing,20,406.5535,0.049563,11508,11509,W -> C7 -> C5 -> C1 -> C8 -> C6 -> C2 -> C10 -> C9 -> C4 -> C3 -> W
10,Simulated Annealing,21,408.0592,0.049634,11508,11509,W -> C5 -> C1 -> C7 -> C3 -> C4 -> C9 -> C10 -> C2 -> C6 -> C8 -> W
10,Simulated Annealing,22,402.2229,0.049759,11508,11509,W -> C2 -> C6 -> C8 -> C5 -> C1 -> C7 -> C4 -> C9 -> C10 -> C3 -> W
10,Simulated Annealing,23,408.0592,0.049233,11508,11509,W -> C8 -> C6 -> C2 -> C10 -> C9 -> C4 -> C3 -> C7 -> C1 -> C5 -> W
10,Simulated Annealing,24,398.5839,0.049412,11508,11509,W -> C3 -> C4 -> C9 -> C10 -> C2 -> C6 -> C8 -> C5 -> C1 -> C7 -> W
10,Simulated Annealing,25,398.5839,0.050776,11508,11509,W -> C3 -> C4 -> C9 -> C10 -> C2 -> C6 -> C8 -> C5 -> C1 -> C7 -> W
10,Simulated Annealing,26,398.5839,0.049501,11508,11509,W -> C3 -> C4 -> C9 -> C10 -> C2 -> C6 -> C8 -> C5 -> C1 -> C7 -> W
10,Simulated Annealing,27,402.2229,0.049587,11508,11509,W -> C3 -> C10 -> C9 -> C4 -> C7 -> C1 -> C5 -> C8 -> C6 -> C2 -> W
10,Simulated Annealing,28,402.2229,0.049567,11508,11509,W -> C3 -> C10 -> C9 -> C4 -> C7 -> C1 -> C5 -> C8 -> C6 -> C2 -> W
10,Simulated Annealing,29,402.2229,0.049832,11508,11509,W -> C2 -> C6 -> C8 -> C5 -> C1 -> C7 -> C4 -> C9 -> C10 -> C3 -> W
10,Simulated Annealing,30,398.5839,0.049716,11508,11509,W -> C3 -> C4 -> C9 -> C10 -> C2 -> C6 -> C8 -> C5 -> C1 -> C7 -> W
10,Genetic Algorithm,1,429.4483,0.092165,200,10050,W -> C10 -> C9 -> C4 -> C7 -> C1 -> C5 -> C8 -> C6 -> C2 -> C3 -> W
10,Genetic Algorithm,2,408.0592,0.092298,200,10050,W -> C5 -> C1 -> C7 -> C3 -> C4 -> C9 -> C10 -> C2 -> C6 -> C8 -> W
10,Genetic Algorithm,3,398.5839,0.092708,200,10050,W -> C3 -> C4 -> C9 -> C10 -> C2 -> C6 -> C8 -> C5 -> C1 -> C7 -> W
10,Genetic Algorithm,4,402.2229,0.093463,200,10050,W -> C2 -> C6 -> C8 -> C5 -> C1 -> C7 -> C4 -> C9 -> C10 -> C3 -> W
10,Genetic Algorithm,5,422.5273,0.092551,200,10050,W -> C6 -> C8 -> C5 -> C1 -> C7 -> C4 -> C9 -> C10 -> C3 -> C2 -> W
10,Genetic Algorithm,6,411.1243,0.092348,200,10050,W -> C6 -> C2 -> C10 -> C9 -> C4 -> C3 -> C7 -> C1 -> C5 -> C8 -> W
10,Genetic Algorithm,7,409.5363,0.093242,200,10050,W -> C3 -> C4 -> C10 -> C9 -> C7 -> C1 -> C5 -> C8 -> C6 -> C2 -> W
10,Genetic Algorithm,8,408.673,0.093004,200,10050,W -> C6 -> C8 -> C5 -> C1 -> C7 -> C3 -> C4 -> C9 -> C10 -> C2 -> W
10,Genetic Algorithm,9,398.5839,0.092725,200,10050,W -> C3 -> C4 -> C9 -> C10 -> C2 -> C6 -> C8 -> C5 -> C1 -> C7 -> W
10,Genetic Algorithm,10,408.673,0.092541,200,10050,W -> C6 -> C8 -> C5 -> C1 -> C7 -> C3 -> C4 -> C9 -> C10 -> C2 -> W
10,Genetic Algorithm,11,398.5839,0.092207,200,10050,W -> C3 -> C4 -> C9 -> C10 -> C2 -> C6 -> C8 -> C5 -> C1 -> C7 -> W
10,Genetic Algorithm,12,411.1243,0.092055,200,10050,W -> C6 -> C2 -> C10 -> C9 -> C4 -> C3 -> C7 -> C1 -> C5 -> C8 -> W
10,Genetic Algorithm,13,398.5839,0.092772,200,10050,W -> C3 -> C4 -> C9 -> C10 -> C2 -> C6 -> C8 -> C5 -> C1 -> C7 -> W
10,Genetic Algorithm,14,402.2229,0.093464,200,10050,W -> C3 -> C10 -> C9 -> C4 -> C7 -> C1 -> C5 -> C8 -> C6 -> C2 -> W
10,Genetic Algorithm,15,402.2229,0.091932,200,10050,W -> C2 -> C6 -> C8 -> C5 -> C1 -> C7 -> C4 -> C9 -> C10 -> C3 -> W
10,Genetic Algorithm,16,398.5839,0.091912,200,10050,W -> C3 -> C4 -> C9 -> C10 -> C2 -> C6 -> C8 -> C5 -> C1 -> C7 -> W
10,Genetic Algorithm,17,402.2229,0.092364,200,10050,W -> C3 -> C10 -> C9 -> C4 -> C7 -> C1 -> C5 -> C8 -> C6 -> C2 -> W
10,Genetic Algorithm,18,402.2229,0.09231,200,10050,W -> C2 -> C6 -> C8 -> C5 -> C1 -> C7 -> C4 -> C9 -> C10 -> C3 -> W
10,Genetic Algorithm,19,398.5839,0.092169,200,10050,W -> C3 -> C4 -> C9 -> C10 -> C2 -> C6 -> C8 -> C5 -> C1 -> C7 -> W
10,Genetic Algorithm,20,402.2229,0.092166,200,10050,W -> C2 -> C6 -> C8 -> C5 -> C1 -> C7 -> C4 -> C9 -> C10 -> C3 -> W
10,Genetic Algorithm,21,398.5839,0.092259,200,10050,W -> C7 -> C1 -> C5 -> C8 -> C6 -> C2 -> C10 -> C9 -> C4 -> C3 -> W
10,Genetic Algorithm,22,429.2269,0.092354,200,10050,W -> C5 -> C1 -> C7 -> C9 -> C10 -> C4 -> C3 -> C2 -> C6 -> C8 -> W
10,Genetic Algorithm,23,408.0592,0.09209,200,10050,W -> C5 -> C1 -> C7 -> C3 -> C4 -> C9 -> C10 -> C2 -> C6 -> C8 -> W
10,Genetic Algorithm,24,418.6566,0.091806,200,10050,W -> C3 -> C7 -> C1 -> C5 -> C8 -> C6 -> C2 -> C10 -> C9 -> C4 -> W
10,Genetic Algorithm,25,421.9136,0.09372,200,10050,W -> C8 -> C6 -> C2 -> C3 -> C10 -> C9 -> C4 -> C7 -> C1 -> C5 -> W
10,Genetic Algorithm,26,411.1243,0.09251,200,10050,W -> C6 -> C2 -> C10 -> C9 -> C4 -> C3 -> C7 -> C1 -> C5 -> C8 -> W
10,Genetic Algorithm,27,411.1243,0.092426,200,10050,W -> C8 -> C5 -> C1 -> C7 -> C3 -> C4 -> C9 -> C10 -> C2 -> C6 -> W
10,Genetic Algorithm,28,398.5839,0.092215,200,10050,W -> C7 -> C1 -> C5 -> C8 -> C6 -> C2 -> C10 -> C9 -> C4 -> C3 -> W
10,Genetic Algorithm,29,408.673,0.092675,200,10050,W -> C6 -> C8 -> C5 -> C1 -> C7 -> C3 -> C4 -> C9 -> C10 -> C2 -> W
10,Genetic Algorithm,30,429.8407,0.092332,200,10050,W -> C6 -> C8 -> C5 -> C1 -> C7 -> C9 -> C10 -> C4 -> C3 -> C2 -> W
20,Hill Climbing,1,558.642,0.01451,16,3041,W -> C6 -> C14 -> C15 -> C20 -> C17 -> C2 -> C11 -> C8 -> C13 -> C7 -> C1 -> C19 -> C5 -> C12 -> C18 -> C4 -> C9 -> C10 -> C3 -> C16 -> W
20,Hill Climbing,2,627.1945,0.015143,17,3231,W -> C3 -> C7 -> C12 -> C1 -> C20 -> C8 -> C17 -> C11 -> C2 -> C10 -> C9 -> C18 -> C4 -> C6 -> C14 -> C15 -> C19 -> C5 -> C13 -> C16 -> W
20,Hill Climbing,3,533.9377,0.014346,16,3041,W -> C3 -> C16 -> C13 -> C7 -> C12 -> C18 -> C4 -> C9 -> C10 -> C2 -> C11 -> C17 -> C6 -> C14 -> C15 -> C20 -> C19 -> C5 -> C1 -> C8 -> W
20,Hill Climbing,4,508.7575,0.011669,13,2471,W -> C17 -> C6 -> C14 -> C15 -> C20 -> C19 -> C5 -> C1 -> C12 -> C7 -> C13 -> C8 -> C11 -> C2 -> C10 -> C9 -> C18 -> C4 -> C3 -> C16 -> W
20,Hill Climbing,5,572.7504,0.015224,17,3231,W -> C19 -> C5 -> C12 -> C7 -> C18 -> C9 -> C10 -> C2 -> C11 -> C3 -> C4 -> C16 -> C13 -> C1 -> C20 -> C15 -> C14 -> C6 -> C17 -> C8 -> W
20,Hill Climbing,6,553.7498,0.01073,12,2281,W -> C16 -> C13 -> C7 -> C12 -> C1 -> C8 -> C20 -> C15 -> C14 -> C6 -> C17 -> C2 -> C11 -> C3 -> C4 -> C10 -> C9 -> C18 -> C5 -> C19 -> W
20,Hill Climbing,7,526.5723,0.016447,18,3421,W -> C13 -> C7 -> C12 -> C1 -> C5 -> C19 -> C20 -> C15 -> C14 -> C6 -> C2 -> C11 -> C10 -> C9 -> C18 -> C4 -> C3 -> C16 -> C8 -> C17 -> W
20,Hill Climbing,8,504.8815,0.015075,17,3231,W -> C8 -> C20 -> C15 -> C14 -> C6 -> C17 -> C11 -> C2 -> C10 -> C3 -> C4 -> C9 -> C18 -> C12 -> C5 -> C19 -> C1 -> C7 -> C13 -> C16 -> W
20,Hill Climbing,9,594.3706,0.012607,14,2661,W -> C16 -> C4 -> C18 -> C9 -> C10 -> C3 -> C11 -> C2 -> C17 -> C8 -> C13 -> C7 -> C12 -> C1 -> C6 -> C14 -> C15 -> C20 -> C19 -> C5 -> W
20,Hill Climbing,10,499.0039,0.01805,19,3611,W -> C8 -> C13 -> C16 -> C3 -> C10 -> C9 -> C4 -> C18 -> C7 -> C12 -> C1 -> C5 -> C19 -> C20 -> C15 -> C14 -> C6 -> C17 -> C2 -> C11 -> W
20,Hill Climbing,11,589.1176,0.015505,16,3041,W -> C3 -> C4 -> C16 -> C7 -> C1 -> C13 -> C20 -> C8 -> C17 -> C11 -> C2 -> C10 -> C9 -> C18 -> C12 -> C5 -> C19 -> C15 -> C14 -> C6 -> W
20,Hill Climbing,12,550.3825,0.013862,14,2661,W -> C17 -> C15 -> C14 -> C6 -> C2 -> C11 -> C10 -> C9 -> C18 -> C4 -> C8 -> C20 -> C19 -> C5 -> C1 -> C12 -> C7 -> C13 -> C16 -> C3 -> W
20,Hill Climbing,13,641.6471,0.016866,18,3421,W -> C19 -> C5 -> C12 -> C7 -> C1 -> C15 -> C14 -> C6 -> C17 -> C11 -> C2 -> C9 -> C18 -> C16 -> C13 -> C20 -> C8 -> C3 -> C4 -> C10 -> W
20,Hill Climbing,14,548.9839,0.014681,16,3041,W -> C3 -> C10 -> C9 -> C18 -> C4 -> C8 -> C20 -> C15 -> C14 -> C6 -> C17 -> C2 -> C11 -> C19 -> C5 -> C1 -> C12 -> C7 -> C13 -> C16 -> W
20,Hill Climbing,15,536.1402,0.011201,12,2281,W -> C19 -> C5 -> C18 -> C9 -> C10 -> C4 -> C3 -> C16 -> C7 -> C12 -> C1 -> C13 -> C8 -> C20 -> C15 -> C14 -> C6 -> C17 -> C2 -> C11 -> W
20,Hill Climbing,16,590.2861,0.0102,11,2091,W -> C13 -> C20 -> C8 -> C11 -> C2 -> C17 -> C6 -> C14 -> C15 -> C19 -> C5 -> C1 -> C12 -> C18 -> C4 -> C9 -> C10 -> C3 -> C16 -> C7 -> W
20,Hill Climbing,17,528.3868,0.012206,13,2471,W -> C17 -> C20 -> C15 -> C14 -> C6 -> C2 -> C11 -> C3 -> C4 -> C10 -> C9 -> C18 -> C16 -> C13 -> C7 -> C12 -> C1 -> C5 -> C19 -> C8 -> W
20,Hill Climbing,18,531.6038,0.026894,19,3611,W -> C3 -> C4 -> C16 -> C13 -> C7 -> C1 -> C19 -> C5 -> C12 -> C18 -> C9 -> C10 -> C2 -> C11 -> C17 -> C8 -> C20 -> C15 -> C14 -> C6 -> W
20,Hill Climbing,19,606.6415,0.01321,14,2661,W -> C8 -> C16 -> C7 -> C13 -> C20 -> C15 -> C14 -> C6 -> C17 -> C3 -> C4 -> C10 -> C9 -> C18 -> C12 -> C1 -> C5 -> C19 -> C2 -> C11 -> W
20,Hill Climbing,20,604.7386,0.016344,18,3421,W -> C8 -> C20 -> C15 -> C6 -> C14 -> C19 -> C5 -> C1 -> C16 -> C3 -> C10 -> C2 -> C11 -> C17 -> C13 -> C7 -> C12 -> C18 -> C9 -> C4 -> W
20,Hill Climbing,21,687.7862,0.009146,10,1901,W -> C5 -> C19 -> C20 -> C15 -> C8 -> C1 -> C13 -> C17 -> C11 -> C3 -> C16 -> C7 -> C12 -> C18 -> C4 -> C9 -> C10 -> C2 -> C6 -> C14 -> W
20,Hill Climbing,22,526.4662,0.015237,17,3231,W -> C3 -> C10 -> C9 -> C4 -> C18 -> C7 -> C12 -> C5 -> C19 -> C1 -> C13 -> C11 -> C2 -> C17 -> C6 -> C14 -> C15 -> C20 -> C8 -> C16 -> W
20,Hill Climbing,23,642.127,0.014386,16,3041,W -> C13 -> C16 -> C4 -> C3 -> C11 -> C2 -> C17 -> C8 -> C20 -> C19 -> C5 -> C12 -> C7 -> C1 -> C15 -> C14 -> C6 -> C18 -> C9 -> C10 -> W
20,Hill Climbing,24,584.7769,0.009851,11,2091,W -> C11 -> C2 -> C10 -> C9 -> C3 -> C17 -> C6 -> C14 -> C15 -> C20 -> C8 -> C13 -> C7 -> C16 -> C4 -> C18 -> C12 -> C5 -> C19 -> C1 -> W
20,Hill Climbing,25,637.1288,0.015244,17,3231,W -> C17 -> C8 -> C3 -> C4 -> C9 -> C10 -> C2 -> C11 -> C16 -> C1 -> C5 -> C19 -> C20 -> C15 -> C14 -> C6 -> C13 -> C7 -> C12 -> C18 -> W
20,Hill Climbing,26,561.2111,0.014486,16,3041,W -> C16 -> C7 -> C1 -> C12 -> C18 -> C4 -> C9 -> C10 -> C3 -> C11 -> C2 -> C17 -> C8 -> C13 -> C5 -> C19 -> C20 -> C15 -> C14 -> C6 -> W
20,Hill Climbing,27,569.436,0.010683,12,2281,W -> C2 -> C11 -> C16 -> C7 -> C1 -> C13 -> C20 -> C8 -> C17 -> C6 -> C14 -> C15 -> C19 -> C5 -> C12 -> C18 -> C9 -> C10 -> C4 -> C3 -> W
20,Hill Climbing,28,615.3248,0.013518,15,2851,W -> C10 -> C9 -> C18 -> C12 -> C7 -> C11 -> C2 -> C17 -> C6 -> C14 -> C15 -> C20 -> C3 -> C4 -> C16 -> C13 -> C1 -> C5 -> C19 -> C8 -> W
20,Hill Climbing,29,555.2975,0.01161,13,2471,W -> C5 -> C19 -> C20 -> C8 -> C15 -> C14 -> C6 -> C17 -> C2 -> C11 -> C13 -> C1 -> C12 -> C7 -> C18 -> C9 -> C10 -> C4 -> C3 -> C16 -> W
20,Hill Climbing,30,593.9787,0.012719,14,2661,W -> C10 -> C9 -> C4 -> C18 -> C12 -> C5 -> C19 -> C15 -> C14 -> C6 -> C17 -> C2 -> C11 -> C3 -> C8 -> C20 -> C13 -> C1 -> C7 -> C16 -> W
20,Simulated Annealing,1,527.7826,0.076734,11508,11509,W -> C3 -> C4 -> C10 -> C9 -> C18 -> C13 -> C7 -> C12 -> C1 -> C5 -> C19 -> C20 -> C15 -> C14 -> C6 -> C17 -> C2 -> C11 -> C16 -> C8 -> W
20,Simulated Annealing,2,546.3997,0.076358,11508,11509,W -> C17 -> C6 -> C14 -> C15 -> C16 -> C3 -> C4 -> C18 -> C9 -> C10 -> C2 -> C11 -> C13 -> C7 -> C12 -> C1 -> C5 -> C19 -> C20 -> C8 -> W
20,Simulated Annealing,3,566.3849,0.075642,11508,11509,W -> C16 -> C19 -> C5 -> C1 -> C12 -> C7 -> C13 -> C8 -> C17 -> C11 -> C3 -> C4 -> C18 -> C9 -> C10 -> C2 -> C6 -> C14 -> C15 -> C20 -> W
20,Simulated Annealing,4,511.5196,0.07625,11508,11509,W -> C4 -> C10 -> C9 -> C18 -> C7 -> C12 -> C1 -> C5 -> C19 -> C13 -> C8 -> C20 -> C15 -> C14 -> C6 -> C17 -> C2 -> C11 -> C3 -> C16 -> W
20,Simulated Annealing,5,581.812,0.075754,11508,11509,W -> C7 -> C12 -> C1 -> C13 -> C8 -> C15 -> C20 -> C19 -> C5 -> C16 -> C3 -> C4 -> C18 -> C9 -> C10 -> C2 -> C11 -> C17 -> C14 -> C6 -> W
20,Simulated Annealing,6,568.6276,0.075407,11508,11509,W -> C11 -> C2 -> C17 -> C8 -> C5 -> C19 -> C20 -> C15 -> C14 -> C6 -> C16 -> C3 -> C4 -> C10 -> C9 -> C18 -> C7 -> C12 -> C1 -> C13 -> W
20,Simulated Annealing,7,542.9637,0.075989,11508,11509,W -> C8 -> C15 -> C20 -> C19 -> C5 -> C1 -> C12 -> C7 -> C13 -> C18 -> C9 -> C10 -> C4 -> C3 -> C16 -> C14 -> C6 -> C17 -> C2 -> C11 -> W
20,Simulated Annealing,8,568.5559,0.075858,11508,11509,W -> C11 -> C3 -> C9 -> C10 -> C2 -> C17 -> C6 -> C14 -> C15 -> C20 -> C8 -> C13 -> C16 -> C4 -> C18 -> C7 -> C12 -> C1 -> C5 -> C19 -> W
20,Simulated Annealing,9,561.1666,0.075801,11508,11509,W -> C8 -> C15 -> C14 -> C6 -> C17 -> C2 -> C11 -> C7 -> C12 -> C18 -> C9 -> C10 -> C4 -> C3 -> C16 -> C13 -> C1 -> C5 -> C19 -> C20 -> W
20,Simulated Annealing,10,548.9003,0.07559,11508,11509,W -> C13 -> C1 -> C12 -> C5 -> C19 -> C20 -> C8 -> C15 -> C14 -> C6 -> C17 -> C2 -> C10 -> C9 -> C4 -> C18 -> C7 -> C16 -> C3 -> C11 -> W
20,Simulated Annealing,11,510.2383,0.07601,11508,11509,W -> C16 -> C18 -> C9 -> C10 -> C4 -> C3 -> C11 -> C2 -> C17 -> C6 -> C14 -> C15 -> C20 -> C8 -> C13 -> C7 -> C12 -> C1 -> C5 -> C19 -> W
20,Simulated Annealing,12,499.6684,0.075527,11508,11509,W -> C13 -> C7 -> C12 -> C1 -> C5 -> C19 -> C20 -> C8 -> C15 -> C14 -> C6 -> C17 -> C2 -> C11 -> C3 -> C10 -> C9 -> C18 -> C4 -> C16 -> W
20,Simulated Annealing,13,544.6833,0.075528,11508,11509,W -> C8 -> C19 -> C5 -> C1 -> C12 -> C7 -> C13 -> C16 -> C4 -> C18 -> C9 -> C10 -> C3 -> C17 -> C20 -> C15 -> C14 -> C6 -> C2 -> C11 -> W
20,Simulated Annealing,14,485.2277,0.075353,11508,11509,W -> C11 -> C2 -> C17 -> C6 -> C14 -> C15 -> C20 -> C8 -> C13 -> C19 -> C5 -> C1 -> C12 -> C7 -> C16 -> C4 -> C18 -> C9 -> C10 -> C3 -> W
20,Simulated Annealing,15,569.4972,0.075857,11508,11509,W -> C3 -> C4 -> C10 -> C9 -> C18 -> C12 -> C1 -> C5 -> C19 -> C8 -> C2 -> C11 -> C16 -> C7 -> C13 -> C20 -> C15 -> C14 -> C6 -> C17 -> W
20,Simulated Annealing,16,517.3788,0.07625,11508,11509,W -> C3 -> C4 -> C9 -> C10 -> C2 -> C11 -> C17 -> C6 -> C14 -> C15 -> C8 -> C20 -> C19 -> C5 -> C1 -> C12 -> C7 -> C13 -> C18 -> C16 -> W
20,Simulated Annealing,17,562.1277,0.075796,11508,11509,W -> C3 -> C16 -> C7 -> C1 -> C13 -> C8 -> C11 -> C2 -> C17 -> C6 -> C14 -> C15 -> C20 -> C19 -> C5 -> C12 -> C18 -> C9 -> C10 -> C4 -> W
20,Simulated Annealing,18,534.5268,0.07567,11508,11509,W -> C13 -> C19 -> C5 -> C1 -> C12 -> C7 -> C18 -> C9 -> C4 -> C16 -> C8 -> C20 -> C15 -> C14 -> C6 -> C17 -> C11 -> C2 -> C10 -> C3 -> W
20,Simulated Annealing,19,541.1165,0.076119,11508,11509,W -> C13 -> C1 -> C5 -> C19 -> C20 -> C15 -> C14 -> C6 -> C8 -> C17 -> C11 -> C2 -> C10 -> C9 -> C4 -> C18 -> C12 -> C7 -> C16 -> C3 -> W
20,Simulated Annealing,20,543.4924,0.075877,11508,11509,W -> C2 -> C11 -> C16 -> C13 -> C7 -> C12 -> C1 -> C5 -> C19 -> C20 -> C15 -> C14 -> C6 -> C17 -> C8 -> C3 -> C4 -> C18 -> C9 -> C10 -> W
20,Simulated Annealing,21,537.9101,0.075919,11508,11509,W -> C4 -> C18 -> C9 -> C10 -> C2 -> C11 -> C17 -> C3 -> C16 -> C13 -> C7 -> C12 -> C1 -> C5 -> C19 -> C20 -> C15 -> C14 -> C6 -> C8 -> W
20,Simulated Annealing,22,479.4694,0.076099,11508,11509,W -> C17 -> C6 -> C14 -> C15 -> C20 -> C8 -> C13 -> C19 -> C5 -> C1 -> C12 -> C7 -> C16 -> C3 -> C4 -> C18 -> C9 -> C10 -> C2 -> C11 -> W
20,Simulated Annealing,23,507.7761,0.076157,11508,11509,W -> C11 -> C2 -> C17 -> C6 -> C14 -> C15 -> C20 -> C19 -> C5 -> C1 -> C12 -> C7 -> C13 -> C18 -> C4 -> C9 -> C10 -> C3 -> C16 -> C8 -> W
20,Simulated Annealing,24,513.6014,0.07551,11508,11509,W -> C8 -> C20 -> C13 -> C16 -> C3 -> C4 -> C10 -> C9 -> C18 -> C7 -> C12 -> C1 -> C5 -> C19 -> C15 -> C14 -> C6 -> C17 -> C2 -> C11 -> W
20,Simulated Annealing,25,502.6158,0.075776,11508,11509,W -> C20 -> C19 -> C5 -> C1 -> C12 -> C7 -> C13 -> C16 -> C3 -> C4 -> C18 -> C9 -> C10 -> C2 -> C11 -> C17 -> C6 -> C14 -> C15 -> C8 -> W
20,Simulated Annealing,26,522.4631,0.075806,11508,11509,W -> C11 -> C16 -> C3 -> C4 -> C18 -> C9 -> C10 -> C2 -> C17 -> C6 -> C14 -> C15 -> C8 -> C20 -> C19 -> C5 -> C1 -> C12 -> C7 -> C13 -> W
20,Simulated Annealing,27,513.9923,0.075803,11508,11509,W -> C11 -> C2 -> C17 -> C8 -> C20 -> C15 -> C14 -> C6 -> C13 -> C1 -> C19 -> C5 -> C12 -> C7 -> C18 -> C9 -> C10 -> C4 -> C3 -> C16 -> W
20,Simulated Annealing,28,533.3681,0.075989,11508,11509,W -> C17 -> C6 -> C14 -> C15 -> C20 -> C19 -> C5 -> C1 -> C12 -> C7 -> C3 -> C4 -> C18 -> C9 -> C10 -> C2 -> C11 -> C16 -> C13 -> C8 -> W
20,Simulated Annealing,29,579.2096,0.076028,11508,11509,W -> C6 -> C14 -> C15 -> C20 -> C19 -> C5 -> C1 -> C11 -> C2 -> C17 -> C8 -> C13 -> C7 -> C12 -> C18 -> C9 -> C10 -> C4 -> C3 -> C16 -> W
20,Simulated Annealing,30,496.5793,0.076265,11508,11509,W -> C13 -> C16 -> C3 -> C10 -> C9 -> C4 -> C18 -> C7 -> C12 -> C1 -> C5 -> C19 -> C20 -> C8 -> C15 -> C14 -> C6 -> C17 -> C2 -> C11 -> W
20,Genetic Algorithm,1,541.6995,0.123302,200,10050,W -> C10 -> C9 -> C18 -> C4 -> C3 -> C11 -> C2 -> C17 -> C16 -> C13 -> C7 -> C12 -> C1 -> C5 -> C19 -> C20 -> C8 -> C15 -> C14 -> C6 -> W
20,Genetic Algorithm,2,489.9772,0.123729,200,10050,W -> C11 -> C2 -> C17 -> C6 -> C14 -> C15 -> C20 -> C8 -> C16 -> C13 -> C19 -> C5 -> C1 -> C12 -> C7 -> C18 -> C4 -> C9 -> C10 -> C3 -> W
20,Genetic Algorithm,3,575.0321,0.122683,200,10050,W -> C11 -> C2 -> C19 -> C5 -> C1 -> C12 -> C7 -> C13 -> C17 -> C6 -> C14 -> C15 -> C20 -> C8 -> C16 -> C3 -> C10 -> C9 -> C18 -> C4 -> W
20,Genetic Algorithm,4,526.7104,0.123295,200,10050,W -> C16 -> C7 -> C12 -> C5 -> C19 -> C1 -> C13 -> C17 -> C6 -> C14 -> C15 -> C20 -> C8 -> C3 -> C4 -> C18 -> C9 -> C10 -> C2 -> C11 -> W
20,Genetic Algorithm,5,575.7844,0.122753,200,10050,W -> C16 -> C13 -> C7 -> C18 -> C4 -> C3 -> C11 -> C2 -> C17 -> C8 -> C6 -> C14 -> C15 -> C20 -> C19 -> C5 -> C1 -> C12 -> C9 -> C10 -> W
20,Genetic Algorithm,6,520.7871,0.122764,200,10050,W -> C11 -> C2 -> C8 -> C13 -> C16 -> C3 -> C4 -> C10 -> C9 -> C18 -> C7 -> C12 -> C1 -> C5 -> C19 -> C20 -> C15 -> C14 -> C6 -> C17 -> W
20,Genetic Algorithm,7,580.9892,0.123919,200,10050,W -> C3 -> C4 -> C18 -> C16 -> C8 -> C6 -> C14 -> C15 -> C20 -> C19 -> C5 -> C1 -> C12 -> C7 -> C13 -> C17 -> C11 -> C2 -> C10 -> C9 -> W
20,Genetic Algorithm,8,578.5631,0.122466,200,10050,W -> C8 -> C6 -> C14 -> C15 -> C20 -> C13 -> C16 -> C3 -> C17 -> C11 -> C2 -> C10 -> C9 -> C4 -> C18 -> C12 -> C5 -> C19 -> C1 -> C7 -> W
20,Genetic Algorithm,9,572.6943,0.123104,200,10050,W -> C6 -> C14 -> C15 -> C20 -> C8 -> C16 -> C3 -> C10 -> C9 -> C18 -> C4 -> C11 -> C2 -> C17 -> C13 -> C7 -> C12 -> C1 -> C5 -> C19 -> W
20,Genetic Algorithm,10,486.9726,0.122591,200,10050,W -> C16 -> C7 -> C12 -> C5 -> C19 -> C1 -> C13 -> C8 -> C20 -> C15 -> C14 -> C6 -> C17 -> C11 -> C2 -> C10 -> C9 -> C18 -> C4 -> C3 -> W
20,Genetic Algorithm,11,486.1409,0.123211,200,10050,W -> C11 -> C2 -> C17 -> C6 -> C14 -> C15 -> C8 -> C20 -> C19 -> C5 -> C1 -> C12 -> C7 -> C13 -> C18 -> C9 -> C10 -> C4 -> C3 -> C16 -> W
20,Genetic Algorithm,12,591.556,0.125755,200,10050,W -> C11 -> C2 -> C3 -> C4 -> C10 -> C9 -> C18 -> C16 -> C7 -> C12 -> C13 -> C17 -> C8 -> C1 -> C5 -> C19 -> C20 -> C15 -> C14 -> C6 -> W
20,Genetic Algorithm,13,516.042,0.124115,200,10050,W -> C11 -> C2 -> C10 -> C9 -> C18 -> C4 -> C3 -> C16 -> C8 -> C20 -> C19 -> C5 -> C1 -> C12 -> C7 -> C13 -> C15 -> C14 -> C6 -> C17 -> W
20,Genetic Algorithm,14,550.0664,0.122089,200,10050,W -> C8 -> C17 -> C6 -> C14 -> C15 -> C20 -> C13 -> C7 -> C1 -> C19 -> C5 -> C12 -> C18 -> C3 -> C11 -> C2 -> C10 -> C9 -> C4 -> C16 -> W
20,Genetic Algorithm,15,574.2285,0.122604,200,10050,W -> C8 -> C17 -> C11 -> C2 -> C10 -> C9 -> C18 -> C7 -> C1 -> C19 -> C5 -> C12 -> C4 -> C3 -> C16 -> C13 -> C20 -> C15 -> C14 -> C6 -> W
20,Genetic Algorithm,16,517.3788,0.122782,200,10050,W -> C16 -> C18 -> C13 -> C7 -> C12 -> C1 -> C5 -> C19 -> C20 -> C8 -> C15 -> C14 -> C6 -> C17 -> C11 -> C2 -> C10 -> C9 -> C4 -> C3 -> W
20,Genetic Algorithm,17,480.256,0.123088,200,10050,W -> C3 -> C4 -> C18 -> C9 -> C10 -> C2 -> C11 -> C17 -> C6 -> C14 -> C15 -> C8 -> C20 -> C19 -> C5 -> C1 -> C12 -> C7 -> C13 -> C16 -> W
20,Genetic Algorithm,18,520.827,0.12279,200,10050,W -> C7 -> C12 -> C1 -> C5 -> C19 -> C13 -> C16 -> C3 -> C4 -> C10 -> C9 -> C18 -> C8 -> C20 -> C15 -> C14 -> C6 -> C17 -> C2 -> C11 -> W
20,Genetic Algorithm,19,548.3201,0.122779,200,10050,W -> C8 -> C15 -> C14 -> C6 -> C17 -> C2 -> C11 -> C3 -> C4 -> C16 -> C13 -> C20 -> C19 -> C5 -> C1 -> C12 -> C7 -> C18 -> C9 -> C10 -> W
20,Genetic Algorithm,20,548.3801,0.122722,200,10050,W -> C11 -> C2 -> C3 -> C16 -> C8 -> C17 -> C6 -> C14 -> C15 -> C20 -> C13 -> C1 -> C19 -> C5 -> C12 -> C7 -> C18 -> C4 -> C9 -> C10 -> W
20,Genetic Algorithm,21,545.7047,0.122605,200,10050,W -> C17 -> C2 -> C11 -> C16 -> C12 -> C1 -> C5 -> C19 -> C20 -> C15 -> C14 -> C6 -> C8 -> C13 -> C7 -> C18 -> C9 -> C10 -> C4 -> C3 -> W
20,Genetic Algorithm,22,560.9584,0.122582,200,10050,W -> C7 -> C12 -> C1 -> C5 -> C19 -> C8 -> C17 -> C2 -> C11 -> C3 -> C4 -> C10 -> C9 -> C18 -> C16 -> C13 -> C20 -> C15 -> C14 -> C6 -> W
20,Genetic Algorithm,23,541.4454,0.123073,200,10050,W -> C16 -> C3 -> C10 -> C9 -> C18 -> C4 -> C11 -> C2 -> C17 -> C8 -> C19 -> C5 -> C1 -> C12 -> C7 -> C13 -> C20 -> C15 -> C14 -> C6 -> W
20,Genetic Algorithm,24,585.8694,0.124082,200,10050,W -> C7 -> C12 -> C1 -> C5 -> C19 -> C14 -> C6 -> C17 -> C2 -> C11 -> C16 -> C3 -> C4 -> C10 -> C9 -> C18 -> C13 -> C20 -> C15 -> C8 -> W
20,Genetic Algorithm,25,533.1694,0.123078,200,10050,W -> C13 -> C1 -> C19 -> C5 -> C12 -> C7 -> C17 -> C6 -> C14 -> C15 -> C20 -> C8 -> C16 -> C3 -> C4 -> C18 -> C9 -> C10 -> C2 -> C11 -> W
20,Genetic Algorithm,26,549.2341,0.122889,200,10050,W -> C10 -> C9 -> C18 -> C4 -> C3 -> C16 -> C8 -> C20 -> C15 -> C6 -> C14 -> C19 -> C5 -> C1 -> C12 -> C7 -> C13 -> C17 -> C2 -> C11 -> W
20,Genetic Algorithm,27,578.9392,0.12366,200,10050,W -> C18 -> C9 -> C10 -> C2 -> C11 -> C17 -> C6 -> C14 -> C15 -> C20 -> C3 -> C4 -> C16 -> C1 -> C19 -> C5 -> C12 -> C7 -> C13 -> C8 -> W
20,Genetic Algorithm,28,572.2142,0.123034,200,10050,W -> C15 -> C14 -> C6 -> C2 -> C11 -> C17 -> C20 -> C8 -> C3 -> C4 -> C10 -> C9 -> C18 -> C16 -> C7 -> C12 -> C5 -> C19 -> C1 -> C13 -> W
20,Genetic Algorithm,29,522.2142,0.122636,200,10050,W -> C17 -> C2 -> C11 -> C3 -> C10 -> C9 -> C4 -> C18 -> C7 -> C12 -> C1 -> C5 -> C19 -> C13 -> C16 -> C8 -> C20 -> C15 -> C14 -> C6 -> W
20,Genetic Algorithm,30,571.3882,0.122896,200,10050,W -> C10 -> C9 -> C18 -> C4 -> C3 -> C6 -> C14 -> C15 -> C20 -> C8 -> C17 -> C2 -> C11 -> C16 -> C13 -> C19 -> C5 -> C1 -> C12 -> C7 -> W
30,Hill Climbing,1,659.2578,0.070713,24,10441,W -> C21 -> C26 -> C29 -> C17 -> C11 -> C28 -> C2 -> C30 -> C22 -> C3 -> C8 -> C6 -> C14 -> C15 -> C20 -> C23 -> C19 -> C5 -> C13 -> C16 -> C25 -> C4 -> C10 -> C24 -> C9 -> C18 -> C7 -> C12 -> C1 -> C27 -> W
30,Hill Climbing,2,709.2859,0.062699,21,9136,W -> C20 -> C23 -> C27 -> C13 -> C1 -> C5 -> C19 -> C8 -> C29 -> C11 -> C3 -> C21 -> C16 -> C26 -> C17 -> C6 -> C14 -> C15 -> C12 -> C7 -> C25 -> C18 -> C4 -> C24 -> C9 -> C10 -> C22 -> C30 -> C2 -> C28 -> W
30,Hill Climbing,3,650.0577,0.061738,21,9136,W -> C26 -> C30 -> C11 -> C28 -> C2 -> C6 -> C14 -> C15 -> C20 -> C8 -> C29 -> C17 -> C3 -> C4 -> C22 -> C10 -> C24 -> C9 -> C18 -> C25 -> C13 -> C27 -> C21 -> C16 -> C7 -> C12 -> C1 -> C5 -> C19 -> C23 -> W
30,Hill Climbing,4,656.0708,0.082051,28,12181,W -> C26 -> C21 -> C16 -> C8 -> C15 -> C20 -> C23 -> C19 -> C5 -> C13 -> C27 -> C14 -> C6 -> C17 -> C29 -> C11 -> C28 -> C2 -> C30 -> C3 -> C25 -> C7 -> C1 -> C12 -> C18 -> C4 -> C24 -> C9 -> C10 -> C22 -> W
30,Hill Climbing,5,723.8362,0.07067,24,10441,W -> C26 -> C6 -> C14 -> C15 -> C16 -> C3 -> C10 -> C22 -> C1 -> C19 -> C5 -> C12 -> C7 -> C18 -> C25 -> C13 -> C27 -> C23 -> C20 -> C8 -> C29 -> C17 -> C11 -> C28 -> C2 -> C30 -> C9 -> C24 -> C4 -> C21 -> W
30,Hill Climbing,6,656.5494,0.070552,24,10441,W -> C29 -> C17 -> C28 -> C2 -> C6 -> C14 -> C15 -> C20 -> C27 -> C13 -> C1 -> C7 -> C25 -> C16 -> C21 -> C30 -> C11 -> C8 -> C23 -> C19 -> C5 -> C12 -> C18 -> C9 -> C24 -> C10 -> C22 -> C4 -> C3 -> C26 -> W
30,Hill Climbing,7,617.0536,0.073587,25,10876,W -> C21 -> C3 -> C30 -> C2 -> C28 -> C11 -> C29 -> C17 -> C6 -> C14 -> C15 -> C8 -> C13 -> C7 -> C1 -> C27 -> C20 -> C23 -> C19 -> C5 -> C12 -> C18 -> C4 -> C24 -> C9 -> C10 -> C22 -> C25 -> C16 -> C26 -> W
30,Hill Climbing,8,680.3379,0.053096,18,7831,W -> C22 -> C10 -> C9 -> C24 -> C3 -> C26 -> C21 -> C4 -> C18 -> C25 -> C16 -> C15 -> C14 -> C6 -> C11 -> C30 -> C2 -> C28 -> C17 -> C29 -> C8 -> C27 -> C13 -> C7 -> C12 -> C1 -> C5 -> C19 -> C23 -> C20 -> W
30,Hill Climbing,9,683.5814,0.067998,23,10006,W -> C16 -> C13 -> C27 -> C5 -> C1 -> C7 -> C25 -> C3 -> C29 -> C17 -> C6 -> C14 -> C15 -> C26 -> C21 -> C11 -> C28 -> C2 -> C30 -> C10 -> C22 -> C4 -> C24 -> C9 -> C18 -> C12 -> C19 -> C23 -> C20 -> C8 -> W
30,Hill Climbing,10,689.8278,0.055924,19,8266,W -> C8 -> C20 -> C23 -> C21 -> C26 -> C11 -> C28 -> C2 -> C30 -> C3 -> C25 -> C18 -> C4 -> C24 -> C9 -> C10 -> C22 -> C29 -> C17 -> C6 -> C14 -> C15 -> C27 -> C13 -> C16 -> C7 -> C12 -> C1 -> C5 -> C19 -> W
30,Hill Climbing,11,664.4883,0.074531,25,10876,W -> C6 -> C14 -> C15 -> C20 -> C23 -> C19 -> C5 -> C8 -> C29 -> C17 -> C11 -> C28 -> C2 -> C30 -> C26 -> C21 -> C3 -> C22 -> C10 -> C9 -> C24 -> C7 -> C12 -> C1 -> C27 -> C13 -> C25 -> C18 -> C4 -> C16 -> W
30,Hill Climbing,12,658.1214,0.070751,24,10441,W -> C15 -> C14 -> C6 -> C28 -> C2 -> C30 -> C10 -> C22 -> C4 -> C25 -> C13 -> C27 -> C16 -> C21 -> C26 -> C11 -> C17 -> C29 -> C8 -> C20 -> C23 -> C19 -> C5 -> C1 -> C12 -> C7 -> C18 -> C9 -> C24 -> C3 -> W
30,Hill Climbing,13,725.6572,0.055422,19,8266,W -> C23 -> C20 -> C8 -> C11 -> C28 -> C2 -> C6 -> C14 -> C15 -> C17 -> C29 -> C26 -> C7 -> C12 -> C25 -> C18 -> C9 -> C24 -> C4 -> C1 -> C5 -> C19 -> C27 -> C13 -> C16 -> C21 -> C3 -> C22 -> C10 -> C30 -> W
30,Hill Climbing,14,672.468,0.064721,22,9571,W -> C19 -> C5 -> C1 -> C12 -> C25 -> C18 -> C9 -> C24 -> C10 -> C22 -> C4 -> C3 -> C21 -> C16 -> C7 -> C13 -> C27 -> C26 -> C30 -> C11 -> C28 -> C2 -> C6 -> C14 -> C15 -> C17 -> C29 -> C8 -> C20 -> C23 -> W
30,Hill Climbing,15,608.7839,0.076253,26,11311,W -> C26 -> C21 -> C3 -> C22 -> C4 -> C18 -> C9 -> C24 -> C10 -> C30 -> C2 -> C28 -> C11 -> C8 -> C20 -> C27 -> C13 -> C7 -> C12 -> C1 -> C5 -> C19 -> C23 -> C15 -> C14 -> C6 -> C17 -> C29 -> C16 -> C25 -> W
30,Hill Climbing,16,684.9271,0.052938,18,7831,W -> C13 -> C16 -> C11 -> C28 -> C2 -> C30 -> C24 -> C9 -> C18 -> C25 -> C21 -> C3 -> C22 -> C10 -> C4 -> C7 -> C27 -> C20 -> C23 -> C19 -> C5 -> C12 -> C1 -> C8 -> C15 -> C14 -> C6 -> C17 -> C29 -> C26 -> W
30,Hill Climbing,17,708.6499,0.088144,30,13051,W -> C29 -> C17 -> C8 -> C15 -> C14 -> C6 -> C28 -> C2 -> C30 -> C10 -> C22 -> C4 -> C25 -> C7 -> C12 -> C1 -> C5 -> C19 -> C13 -> C18 -> C9 -> C24 -> C20 -> C23 -> C27 -> C16 -> C3 -> C21 -> C26 -> C11 -> W
30,Hill Climbing,18,648.3942,0.082916,28,12181,W -> C7 -> C12 -> C1 -> C5 -> C19 -> C23 -> C20 -> C15 -> C14 -> C6 -> C8 -> C27 -> C13 -> C18 -> C4 -> C24 -> C9 -> C10 -> C30 -> C2 -> C28 -> C11 -> C21 -> C16 -> C25 -> C22 -> C3 -> C26 -> C17 -> C29 -> W
30,Hill Climbing,19,706.333,0.08194,28,12181,W -> C21 -> C3 -> C16 -> C27 -> C13 -> C4 -> C22 -> C10 -> C30 -> C11 -> C6 -> C14 -> C15 -> C8 -> C24 -> C9 -> C18 -> C25 -> C7 -> C12 -> C1 -> C5 -> C19 -> C23 -> C20 -> C29 -> C17 -> C28 -> C2 -> C26 -> W
30,Hill Climbing,20,638.0061,0.088086,30,13051,W -> C8 -> C27 -> C13 -> C1 -> C5 -> C19 -> C23 -> C20 -> C29 -> C17 -> C11 -> C30 -> C2 -> C28 -> C6 -> C14 -> C15 -> C12 -> C7 -> C25 -> C18 -> C4 -> C24 -> C9 -> C10 -> C22 -> C3 -> C21 -> C16 -> C26 -> W
30,Hill Climbing,21,673.1055,0.082258,28,12181,W -> C7 -> C12 -> C1 -> C5 -> C19 -> C23 -> C20 -> C8 -> C29 -> C11 -> C28 -> C2 -> C30 -> C18 -> C25 -> C13 -> C27 -> C16 -> C3 -> C22 -> C10 -> C9 -> C24 -> C4 -> C21 -> C26 -> C17 -> C6 -> C14 -> C15 -> W
30,Hill Climbing,22,689.0251,0.068104,23,10006,W -> C21 -> C25 -> C18 -> C4 -> C22 -> C3 -> C16 -> C7 -> C13 -> C27 -> C8 -> C26 -> C30 -> C10 -> C24 -> C9 -> C2 -> C28 -> C11 -> C29 -> C17 -> C6 -> C14 -> C15 -> C20 -> C23 -> C1 -> C12 -> C5 -> C19 -> W
30,Hill Climbing,23,644.4879,0.076359,26,11311,W -> C29 -> C30 -> C10 -> C22 -> C4 -> C3 -> C11 -> C28 -> C2 -> C6 -> C14 -> C15 -> C17 -> C8 -> C20 -> C23 -> C19 -> C5 -> C1 -> C12 -> C7 -> C13 -> C27 -> C16 -> C25 -> C18 -> C9 -> C24 -> C21 -> C26 -> W
30,Hill Climbing,24,617.1757,0.061786,21,9136,W -> C26 -> C21 -> C11 -> C28 -> C2 -> C30 -> C22 -> C10 -> C24 -> C9 -> C18 -> C4 -> C29 -> C17 -> C6 -> C14 -> C15 -> C20 -> C27 -> C13 -> C16 -> C3 -> C25 -> C7 -> C12 -> C1 -> C5 -> C19 -> C23 -> C8 -> W
30,Hill Climbing,25,671.059,0.06755,23,10006,W -> C26 -> C30 -> C2 -> C28 -> C11 -> C29 -> C17 -> C6 -> C14 -> C15 -> C3 -> C22 -> C10 -> C9 -> C24 -> C4 -> C18 -> C25 -> C23 -> C20 -> C8 -> C21 -> C16 -> C7 -> C12 -> C1 -> C5 -> C19 -> C27 -> C13 -> W
30,Hill Climbing,26,680.3528,0.061797,21,9136,W -> C26 -> C11 -> C28 -> C2 -> C30 -> C10 -> C24 -> C9 -> C18 -> C25 -> C7 -> C12 -> C1 -> C27 -> C20 -> C8 -> C17 -> C29 -> C21 -> C16 -> C13 -> C5 -> C19 -> C23 -> C15 -> C14 -> C6 -> C22 -> C4 -> C3 -> W
30,Hill Climbing,27,665.675,0.055843,19,8266,W -> C27 -> C5 -> C19 -> C14 -> C6 -> C17 -> C29 -> C11 -> C28 -> C2 -> C30 -> C26 -> C8 -> C15 -> C20 -> C23 -> C1 -> C12 -> C7 -> C13 -> C16 -> C25 -> C18 -> C4 -> C22 -> C10 -> C9 -> C24 -> C3 -> C21 -> W
30,Hill Climbing,28,751.2944,0.053257,18,7831,W -> C16 -> C13 -> C7 -> C12 -> C1 -> C8 -> C29 -> C11 -> C28 -> C2 -> C30 -> C22 -> C10 -> C24 -> C9 -> C18 -> C25 -> C27 -> C23 -> C20 -> C21 -> C26 -> C17 -> C6 -> C14 -> C15 -> C19 -> C5 -> C4 -> C3 -> W
30,Hill Climbing,29,818.0124,0.070374,24,10441,W -> C27 -> C19 -> C5 -> C18 -> C9 -> C24 -> C25 -> C16 -> C23 -> C20 -> C15 -> C8 -> C26 -> C30 -> C10 -> C22 -> C4 -> C3 -> C14 -> C6 -> C2 -> C28 -> C11 -> C17 -> C29 -> C13 -> C1 -> C12 -> C7 -> C21 -> W
30,Hill Climbing,30,636.7658,0.082363,28,12181,W -> C26 -> C30 -> C11 -> C28 -> C2 -> C6 -> C14 -> C15 -> C17 -> C29 -> C16 -> C13 -> C27 -> C8 -> C20 -> C23 -> C19 -> C5 -> C1 -> C12 -> C7 -> C25 -> C18 -> C4 -> C21 -> C3 -> C22 -> C10 -> C9 -> C24 -> W
30,Simulated Annealing,1,595.1308,0.100096,11508,11509,W -> C26 -> C16 -> C7 -> C1 -> C13 -> C27 -> C19 -> C5 -> C12 -> C25 -> C18 -> C4 -> C22 -> C10 -> C9 -> C24 -> C3 -> C21 -> C30 -> C2 -> C28 -> C11 -> C29 -> C17 -> C6 -> C14 -> C15 -> C20 -> C23 -> C8 -> W
30,Simulated Annealing,2,644.5681,0.098738,11508,11509,W -> C26 -> C21 -> C4 -> C24 -> C9 -> C18 -> C25 -> C12 -> C5 -> C19 -> C23 -> C8 -> C29 -> C11 -> C17 -> C6 -> C14 -> C15 -> C20 -> C27 -> C1 -> C7 -> C13 -> C16 -> C3 -> C22 -> C10 -> C30 -> C2 -> C28 -> W
30,Simulated Annealing,3,600.8048,0.098434,11508,11509,W -> C26 -> C23 -> C19 -> C5 -> C27 -> C13 -> C1 -> C12 -> C7 -> C25 -> C16 -> C21 -> C3 -> C4 -> C18 -> C9 -> C24 -> C10 -> C22 -> C30 -> C2 -> C28 -> C11 -> C29 -> C8 -> C20 -> C15 -> C14 -> C6 -> C17 -> W
30,Simulated Annealing,4,643.709,0.098711,11508,11509,W -> C29 -> C17 -> C11 -> C26 -> C21 -> C16 -> C13 -> C27 -> C23 -> C19 -> C5 -> C1 -> C12 -> C7 -> C25 -> C18 -> C9 -> C24 -> C10 -> C2 -> C28 -> C30 -> C22 -> C4 -> C3 -> C8 -> C20 -> C15 -> C14 -> C6 -> W
30,Simulated Annealing,5,691.3004,0.098829,11508,11509,W -> C29 -> C26 -> C21 -> C4 -> C24 -> C9 -> C10 -> C3 -> C13 -> C27 -> C8 -> C15 -> C20 -> C23 -> C19 -> C5 -> C12 -> C7 -> C1 -> C14 -> C6 -> C17 -> C11 -> C28 -> C2 -> C30 -> C22 -> C18 -> C25 -> C16 -> W
30,Simulated Annealing,6,577.9691,0.098963,11508,11509,W -> C29 -> C15 -> C14 -> C6 -> C17 -> C11 -> C28 -> C2 -> C30 -> C22 -> C10 -> C24 -> C9 -> C18 -> C16 -> C13 -> C27 -> C8 -> C20 -> C23 -> C19 -> C5 -> C1 -> C12 -> C7 -> C25 -> C4 -> C3 -> C21 -> C26 -> W
30,Simulated Annealing,7,650.5951,0.098474,11508,11509,W -> C7 -> C12 -> C1 -> C5 -> C19 -> C23 -> C20 -> C15 -> C14 -> C6 -> C17 -> C29 -> C25 -> C18 -> C9 -> C24 -> C4 -> C3 -> C21 -> C8 -> C27 -> C13 -> C16 -> C26 -> C11 -> C28 -> C2 -> C30 -> C10 -> C22 -> W
30,Simulated Annealing,8,610.4766,0.098449,11508,11509,W -> C6 -> C14 -> C15 -> C20 -> C23 -> C19 -> C5 -> C1 -> C13 -> C27 -> C8 -> C29 -> C17 -> C28 -> C2 -> C11 -> C16 -> C7 -> C12 -> C25 -> C18 -> C9 -> C24 -> C10 -> C30 -> C22 -> C4 -> C3 -> C21 -> C26 -> W
30,Simulated Annealing,9,595.794,0.098604,11508,11509,W -> C6 -> C14 -> C15 -> C20 -> C23 -> C19 -> C5 -> C27 -> C8 -> C29 -> C17 -> C11 -> C28 -> C2 -> C30 -> C22 -> C10 -> C24 -> C9 -> C18 -> C7 -> C12 -> C1 -> C13 -> C16 -> C25 -> C4 -> C3 -> C21 -> C26 -> W
30,Simulated Annealing,10,625.4309,0.098052,11508,11509,W -> C29 -> C17 -> C26 -> C16 -> C7 -> C12 -> C25 -> C18 -> C4 -> C24 -> C9 -> C10 -> C22 -> C30 -> C2 -> C28 -> C11 -> C3 -> C21 -> C8 -> C6 -> C14 -> C15 -> C20 -> C23 -> C19 -> C5 -> C1 -> C13 -> C27 -> W
30,Simulated Annealing,11,634.3888,0.10345,11508,11509,W -> C13 -> C7 -> C12 -> C1 -> C5 -> C19 -> C27 -> C16 -> C21 -> C11 -> C28 -> C2 -> C30 -> C3 -> C25 -> C18 -> C4 -> C24 -> C9 -> C10 -> C22 -> C29 -> C17 -> C6 -> C14 -> C15 -> C20 -> C23 -> C8 -> C26 -> W
30,Simulated Annealing,12,580.4849,0.098788,11508,11509,W -> C10 -> C9 -> C24 -> C4 -> C18 -> C25 -> C21 -> C16 -> C27 -> C13 -> C7 -> C12 -> C1 -> C5 -> C19 -> C23 -> C20 -> C8 -> C15 -> C14 -> C6 -> C17 -> C29 -> C11 -> C28 -> C2 -> C30 -> C22 -> C3 -> C26 -> W
30,Simulated Annealing,13,630.9055,0.098449,11508,11509,W -> C26 -> C21 -> C3 -> C22 -> C10 -> C24 -> C9 -> C18 -> C25 -> C27 -> C23 -> C20 -> C8 -> C29 -> C17 -> C15 -> C14 -> C6 -> C2 -> C28 -> C11 -> C30 -> C4 -> C7 -> C12 -> C1 -> C5 -> C19 -> C13 -> C16 -> W
30,Simulated Annealing,14,653.8363,0.098356,11508,11509,W -> C21 -> C3 -> C22 -> C4 -> C18 -> C9 -> C24 -> C10 -> C30 -> C11 -> C28 -> C2 -> C6 -> C14 -> C15 -> C20 -> C23 -> C27 -> C13 -> C1 -> C12 -> C7 -> C25 -> C29 -> C17 -> C8 -> C19 -> C5 -> C16 -> C26 -> W
30,Simulated Annealing,15,585.972,0.098649,11508,11509,W -> C26 -> C21 -> C3 -> C22 -> C4 -> C16 -> C29 -> C17 -> C6 -> C14 -> C15 -> C8 -> C20 -> C23 -> C27 -> C13 -> C7 -> C12 -> C5 -> C19 -> C1 -> C25 -> C18 -> C9 -> C24 -> C10 -> C30 -> C2 -> C28 -> C11 -> W
30,Simulated Annealing,16,591.7827,0.098667,11508,11509,W -> C26 -> C21 -> C3 -> C22 -> C4 -> C25 -> C7 -> C12 -> C1 -> C13 -> C27 -> C8 -> C5 -> C19 -> C23 -> C20 -> C15 -> C14 -> C6 -> C17 -> C29 -> C11 -> C28 -> C2 -> C30 -> C10 -> C24 -> C9 -> C18 -> C16 -> W
30,Simulated Annealing,17,641.4678,0.098426,11508,11509,W -> C27 -> C5 -> C19 -> C23 -> C20 -> C8 -> C15 -> C14 -> C6 -> C2 -> C28 -> C26 -> C13 -> C1 -> C12 -> C7 -> C25 -> C16 -> C21 -> C3 -> C4 -> C18 -> C9 -> C24 -> C10 -> C22 -> C30 -> C11 -> C17 -> C29 -> W
30,Simulated Annealing,18,641.6945,0.098452,11508,11509,W -> C16 -> C13 -> C27 -> C19 -> C5 -> C1 -> C12 -> C7 -> C25 -> C18 -> C9 -> C24 -> C4 -> C8 -> C23 -> C20 -> C15 -> C14 -> C6 -> C2 -> C28 -> C11 -> C17 -> C29 -> C26 -> C21 -> C3 -> C22 -> C10 -> C30 -> W
30,Simulated Annealing,19,627.4684,0.098323,11508,11509,W -> C8 -> C20 -> C23 -> C27 -> C3 -> C4 -> C22 -> C10 -> C24 -> C9 -> C18 -> C25 -> C7 -> C12 -> C5 -> C19 -> C1 -> C13 -> C16 -> C21 -> C30 -> C2 -> C28 -> C11 -> C29 -> C17 -> C6 -> C14 -> C15 -> C26 -> W
30,Simulated Annealing,20,682.4344,0.09888,11508,11509,W -> C28 -> C2 -> C3 -> C25 -> C7 -> C12 -> C1 -> C5 -> C19 -> C23 -> C20 -> C8 -> C16 -> C13 -> C27 -> C15 -> C14 -> C6 -> C26 -> C21 -> C4 -> C18 -> C9 -> C24 -> C10 -> C22 -> C30 -> C11 -> C17 -> C29 -> W
30,Simulated Annealing,21,588.3517,0.099555,11508,11509,W -> C8 -> C27 -> C25 -> C18 -> C4 -> C24 -> C9 -> C10 -> C22 -> C30 -> C2 -> C28 -> C11 -> C3 -> C21 -> C29 -> C17 -> C6 -> C14 -> C15 -> C20 -> C23 -> C19 -> C5 -> C1 -> C12 -> C7 -> C13 -> C16 -> C26 -> W
30,Simulated Annealing,22,675.1062,0.099151,11508,11509,W -> C13 -> C1 -> C5 -> C19 -> C23 -> C20 -> C8 -> C29 -> C11 -> C28 -> C2 -> C30 -> C10 -> C22 -> C17 -> C6 -> C14 -> C15 -> C27 -> C12 -> C7 -> C25 -> C16 -> C21 -> C3 -> C4 -> C24 -> C9 -> C18 -> C26 -> W
30,Simulated Annealing,23,634.112,0.098683,11508,11509,W -> C29 -> C8 -> C27 -> C5 -> C19 -> C23 -> C20 -> C15 -> C14 -> C6 -> C17 -> C10 -> C9 -> C24 -> C4 -> C3 -> C21 -> C16 -> C13 -> C1 -> C12 -> C7 -> C25 -> C18 -> C22 -> C30 -> C2 -> C28 -> C11 -> C26 -> W
30,Simulated Annealing,24,664.5102,0.098897,11508,11509,W -> C26 -> C16 -> C18 -> C9 -> C24 -> C3 -> C21 -> C29 -> C14 -> C6 -> C17 -> C11 -> C28 -> C2 -> C30 -> C10 -> C22 -> C4 -> C25 -> C12 -> C1 -> C5 -> C19 -> C23 -> C20 -> C15 -> C8 -> C27 -> C13 -> C7 -> W
30,Simulated Annealing,25,653.547,0.098317,11508,11509,W -> C1 -> C5 -> C19 -> C23 -> C15 -> C14 -> C6 -> C17 -> C29 -> C8 -> C20 -> C27 -> C26 -> C11 -> C28 -> C2 -> C30 -> C10 -> C9 -> C24 -> C22 -> C16 -> C13 -> C12 -> C7 -> C25 -> C18 -> C4 -> C3 -> C21 -> W
30,Simulated Annealing,26,641.8382,0.098673,11508,11509,W -> C3 -> C4 -> C24 -> C9 -> C10 -> C11 -> C17 -> C6 -> C14 -> C15 -> C20 -> C8 -> C29 -> C28 -> C2 -> C30 -> C22 -> C18 -> C25 -> C7 -> C12 -> C5 -> C19 -> C23 -> C27 -> C1 -> C13 -> C16 -> C21 -> C26 -> W
30,Simulated Annealing,27,694.2391,0.098874,11508,11509,W -> C27 -> C13 -> C5 -> C19 -> C23 -> C20 -> C15 -> C8 -> C26 -> C21 -> C3 -> C22 -> C10 -> C4 -> C16 -> C7 -> C1 -> C12 -> C25 -> C18 -> C9 -> C24 -> C30 -> C29 -> C17 -> C14 -> C6 -> C2 -> C28 -> C11 -> W
30,Simulated Annealing,28,599.8192,0.098366,11508,11509,W -> C27 -> C19 -> C5 -> C1 -> C12 -> C7 -> C13 -> C25 -> C16 -> C26 -> C21 -> C3 -> C22 -> C4 -> C18 -> C9 -> C24 -> C10 -> C30 -> C11 -> C28 -> C2 -> C6 -> C14 -> C15 -> C20 -> C23 -> C8 -> C17 -> C29 -> W
30,Simulated Annealing,29,637.7649,0.098608,11508,11509,W -> C11 -> C2 -> C28 -> C17 -> C29 -> C26 -> C21 -> C3 -> C4 -> C18 -> C25 -> C7 -> C12 -> C1 -> C5 -> C19 -> C23 -> C20 -> C15 -> C14 -> C6 -> C30 -> C10 -> C9 -> C24 -> C22 -> C16 -> C13 -> C27 -> C8 -> W
30,Simulated Annealing,30,584.463,0.098879,11508,11509,W -> C29 -> C17 -> C6 -> C14 -> C15 -> C20 -> C23 -> C19 -> C5 -> C27 -> C13 -> C1 -> C12 -> C7 -> C16 -> C25 -> C18 -> C9 -> C24 -> C4 -> C3 -> C22 -> C10 -> C30 -> C2 -> C28 -> C11 -> C26 -> C21 -> C8 -> W
30,Genetic Algorithm,1,670.5667,0.15119,200,10050,W -> C29 -> C17 -> C8 -> C3 -> C4 -> C22 -> C10 -> C30 -> C2 -> C28 -> C11 -> C26 -> C21 -> C16 -> C12 -> C5 -> C19 -> C1 -> C7 -> C25 -> C18 -> C9 -> C24 -> C13 -> C27 -> C23 -> C20 -> C15 -> C14 -> C6 -> W
30,Genetic Algorithm,2,588.523,0.150776,200,10050,W -> C26 -> C21 -> C13 -> C5 -> C19 -> C23 -> C20 -> C15 -> C14 -> C6 -> C17 -> C29 -> C8 -> C27 -> C1 -> C12 -> C7 -> C16 -> C25 -> C18 -> C4 -> C3 -> C22 -> C10 -> C9 -> C24 -> C30 -> C2 -> C28 -> C11 -> W
30,Genetic Algorithm,3,586.6036,0.151207,200,10050,W -> C8 -> C29 -> C17 -> C11 -> C28 -> C2 -> C30 -> C10 -> C22 -> C4 -> C24 -> C9 -> C18 -> C25 -> C16 -> C13 -> C27 -> C20 -> C14 -> C6 -> C15 -> C23 -> C19 -> C5 -> C1 -> C12 -> C7 -> C3 -> C21 -> C26 -> W
30,Genetic Algorithm,4,625.6882,0.150972,200,10050,W -> C26 -> C21 -> C3 -> C4 -> C25 -> C16 -> C27 -> C19 -> C5 -> C1 -> C12 -> C23 -> C20 -> C15 -> C14 -> C6 -> C2 -> C28 -> C11 -> C30 -> C22 -> C10 -> C24 -> C9 -> C18 -> C7 -> C13 -> C8 -> C17 -> C29 -> W
30,Genetic Algorithm,5,757.5217,0.151729,200,10050,W -> C17 -> C6 -> C14 -> C15 -> C1 -> C7 -> C25 -> C16 -> C13 -> C27 -> C8 -> C29 -> C26 -> C21 -> C3 -> C24 -> C9 -> C10 -> C22 -> C30 -> C11 -> C20 -> C23 -> C19 -> C5 -> C12 -> C18 -> C4 -> C2 -> C28 -> W
30,Genetic Algorithm,6,635.5681,0.151064,200,10050,W -> C29 -> C15 -> C14 -> C6 -> C17 -> C26 -> C21 -> C3 -> C10 -> C9 -> C24 -> C18 -> C16 -> C8 -> C20 -> C23 -> C27 -> C13 -> C19 -> C5 -> C1 -> C12 -> C7 -> C25 -> C4 -> C22 -> C30 -> C2 -> C28 -> C11 -> W
30,Genetic Algorithm,7,661.8488,0.150933,200,10050,W -> C28 -> C2 -> C30 -> C3 -> C21 -> C16 -> C7 -> C12 -> C25 -> C18 -> C4 -> C24 -> C9 -> C10 -> C22 -> C26 -> C8 -> C20 -> C15 -> C6 -> C14 -> C23 -> C19 -> C5 -> C1 -> C13 -> C27 -> C29 -> C17 -> C11 -> W
30,Genetic Algorithm,8,717.4835,0.153462,200,10050,W -> C29 -> C17 -> C30 -> C22 -> C10 -> C24 -> C9 -> C18 -> C25 -> C13 -> C27 -> C7 -> C12 -> C1 -> C5 -> C19 -> C23 -> C20 -> C28 -> C2 -> C11 -> C26 -> C21 -> C8 -> C15 -> C14 -> C6 -> C16 -> C4 -> C3 -> W
30,Genetic Algorithm,9,656.9673,0.150309,200,10050,W -> C26 -> C3 -> C21 -> C11 -> C29 -> C17 -> C6 -> C14 -> C15 -> C20 -> C23 -> C27 -> C13 -> C16 -> C25 -> C18 -> C4 -> C22 -> C2 -> C28 -> C30 -> C10 -> C9 -> C24 -> C7 -> C1 -> C12 -> C5 -> C19 -> C8 -> W
30,Genetic Algorithm,10,603.346,0.151341,200,10050,W -> C30 -> C2 -> C28 -> C11 -> C29 -> C8 -> C19 -> C5 -> C1 -> C12 -> C7 -> C13 -> C27 -> C23 -> C20 -> C15 -> C14 -> C6 -> C17 -> C26 -> C21 -> C16 -> C25 -> C18 -> C4 -> C24 -> C9 -> C10 -> C22 -> C3 -> W
30,Genetic Algorithm,11,637.2021,0.150617,200,10050,W -> C26 -> C30 -> C10 -> C22 -> C24 -> C9 -> C18 -> C25 -> C7 -> C1 -> C19 -> C5 -> C12 -> C13 -> C16 -> C21 -> C3 -> C4 -> C27 -> C23 -> C20 -> C15 -> C14 -> C6 -> C2 -> C28 -> C11 -> C17 -> C29 -> C8 -> W
30,Genetic Algorithm,12,616.2199,0.150659,200,10050,W -> C13 -> C1 -> C5 -> C19 -> C23 -> C20 -> C8 -> C29 -> C17 -> C11 -> C30 -> C28 -> C2 -> C6 -> C14 -> C15 -> C27 -> C12 -> C7 -> C16 -> C25 -> C18 -> C9 -> C24 -> C10 -> C22 -> C4 -> C3 -> C21 -> C26 -> W
30,Genetic Algorithm,13,597.7713,0.150634,200,10050,W -> C26 -> C4 -> C22 -> C11 -> C28 -> C2 -> C30 -> C10 -> C24 -> C9 -> C18 -> C25 -> C3 -> C21 -> C16 -> C27 -> C13 -> C7 -> C12 -> C1 -> C5 -> C19 -> C23 -> C20 -> C8 -> C29 -> C17 -> C6 -> C14 -> C15 -> W
30,Genetic Algorithm,14,621.065,0.151437,200,10050,W -> C8 -> C23 -> C20 -> C15 -> C14 -> C6 -> C2 -> C28 -> C17 -> C29 -> C11 -> C30 -> C24 -> C9 -> C18 -> C4 -> C10 -> C22 -> C3 -> C16 -> C13 -> C27 -> C19 -> C5 -> C1 -> C12 -> C7 -> C25 -> C21 -> C26 -> W
30,Genetic Algorithm,15,635.2337,0.150974,200,10050,W -> C27 -> C8 -> C20 -> C15 -> C14 -> C6 -> C17 -> C28 -> C2 -> C11 -> C30 -> C10 -> C22 -> C24 -> C9 -> C18 -> C4 -> C3 -> C21 -> C16 -> C25 -> C13 -> C23 -> C19 -> C5 -> C1 -> C12 -> C7 -> C26 -> C29 -> W
30,Genetic Algorithm,16,643.5327,0.15038,200,10050,W -> C17 -> C28 -> C2 -> C10 -> C22 -> C30 -> C11 -> C29 -> C6 -> C14 -> C15 -> C8 -> C20 -> C23 -> C19 -> C5 -> C12 -> C25 -> C18 -> C9 -> C24 -> C4 -> C3 -> C21 -> C16 -> C13 -> C7 -> C1 -> C27 -> C26 -> W
30,Genetic Algorithm,17,654.1431,0.150117,200,10050,W -> C8 -> C20 -> C15 -> C17 -> C29 -> C21 -> C3 -> C24 -> C9 -> C10 -> C22 -> C4 -> C18 -> C16 -> C25 -> C7 -> C12 -> C1 -> C5 -> C19 -> C13 -> C27 -> C23 -> C14 -> C6 -> C28 -> C2 -> C11 -> C30 -> C26 -> W
30,Genetic Algorithm,18,613.2441,0.150737,200,10050,W -> C28 -> C2 -> C11 -> C26 -> C16 -> C21 -> C3 -> C24 -> C9 -> C10 -> C30 -> C22 -> C4 -> C18 -> C25 -> C7 -> C12 -> C1 -> C5 -> C19 -> C13 -> C27 -> C8 -> C15 -> C20 -> C23 -> C14 -> C6 -> C17 -> C29 -> W
30,Genetic Algorithm,19,583.2274,0.150731,200,10050,W -> C26 -> C3 -> C4 -> C22 -> C11 -> C28 -> C2 -> C30 -> C10 -> C24 -> C9 -> C18 -> C25 -> C7 -> C12 -> C1 -> C5 -> C19 -> C27 -> C23 -> C20 -> C15 -> C14 -> C6 -> C17 -> C29 -> C8 -> C13 -> C16 -> C21 -> W
30,Genetic Algorithm,20,571.1872,0.15025,200,10050,W -> C30 -> C10 -> C22 -> C4 -> C24 -> C9 -> C18 -> C25 -> C16 -> C13 -> C7 -> C12 -> C1 -> C5 -> C19 -> C23 -> C27 -> C8 -> C20 -> C15 -> C14 -> C6 -> C29 -> C17 -> C28 -> C2 -> C11 -> C3 -> C21 -> C26 -> W
30,Genetic Algorithm,21,646.3445,0.150581,200,10050,W -> C26 -> C15 -> C14 -> C6 -> C17 -> C28 -> C2 -> C29 -> C8 -> C20 -> C23 -> C19 -> C5 -> C12 -> C7 -> C1 -> C27 -> C13 -> C18 -> C9 -> C24 -> C10 -> C22 -> C4 -> C25 -> C16 -> C21 -> C3 -> C30 -> C11 -> W
30,Genetic Algorithm,22,673.6033,0.150678,200,10050,W -> C27 -> C19 -> C5 -> C12 -> C1 -> C23 -> C6 -> C14 -> C15 -> C20 -> C13 -> C7 -> C25 -> C18 -> C9 -> C24 -> C4 -> C3 -> C21 -> C26 -> C29 -> C17 -> C8 -> C16 -> C22 -> C10 -> C30 -> C2 -> C28 -> C11 -> W
30,Genetic Algorithm,23,639.4063,0.150784,200,10050,W -> C7 -> C12 -> C1 -> C5 -> C19 -> C23 -> C14 -> C6 -> C15 -> C20 -> C27 -> C13 -> C16 -> C26 -> C8 -> C29 -> C17 -> C11 -> C28 -> C2 -> C30 -> C25 -> C18 -> C4 -> C24 -> C9 -> C10 -> C22 -> C3 -> C21 -> W
30,Genetic Algorithm,24,667.1036,0.150394,200,10050,W -> C8 -> C20 -> C15 -> C14 -> C6 -> C2 -> C28 -> C27 -> C23 -> C19 -> C5 -> C1 -> C12 -> C7 -> C13 -> C16 -> C25 -> C18 -> C4 -> C24 -> C9 -> C10 -> C30 -> C11 -> C17 -> C29 -> C26 -> C22 -> C3 -> C21 -> W
30,Genetic Algorithm,25,621.0531,0.150408,200,10050,W -> C8 -> C23 -> C20 -> C15 -> C14 -> C6 -> C17 -> C29 -> C26 -> C21 -> C11 -> C28 -> C2 -> C30 -> C3 -> C25 -> C18 -> C4 -> C22 -> C10 -> C24 -> C9 -> C7 -> C12 -> C1 -> C5 -> C19 -> C27 -> C13 -> C16 -> W
30,Genetic Algorithm,26,699.8178,0.150511,200,10050,W -> C26 -> C21 -> C15 -> C14 -> C6 -> C17 -> C11 -> C30 -> C22 -> C3 -> C16 -> C13 -> C27 -> C1 -> C12 -> C7 -> C25 -> C4 -> C10 -> C24 -> C9 -> C18 -> C5 -> C19 -> C23 -> C20 -> C8 -> C29 -> C28 -> C2 -> W
30,Genetic Algorithm,27,610.9663,0.151174,200,10050,W -> C21 -> C22 -> C10 -> C24 -> C9 -> C18 -> C25 -> C4 -> C3 -> C16 -> C13 -> C7 -> C12 -> C1 -> C5 -> C19 -> C23 -> C8 -> C29 -> C17 -> C6 -> C14 -> C15 -> C20 -> C27 -> C26 -> C30 -> C2 -> C28 -> C11 -> W
30,Genetic Algorithm,28,681.7279,0.151674,200,10050,W -> C26 -> C21 -> C3 -> C16 -> C7 -> C13 -> C27 -> C20 -> C15 -> C29 -> C30 -> C22 -> C10 -> C9 -> C24 -> C4 -> C18 -> C25 -> C12 -> C1 -> C5 -> C19 -> C23 -> C8 -> C11 -> C2 -> C28 -> C17 -> C6 -> C14 -> W
30,Genetic Algorithm,29,657.7456,0.151515,200,10050,W -> C28 -> C2 -> C11 -> C16 -> C13 -> C27 -> C19 -> C23 -> C20 -> C8 -> C15 -> C14 -> C6 -> C17 -> C29 -> C30 -> C10 -> C22 -> C24 -> C9 -> C25 -> C7 -> C1 -> C5 -> C12 -> C18 -> C4 -> C3 -> C21 -> C26 -> W
30,Genetic Algorithm,30,670.2302,0.165612,200,10050,W -> C8 -> C20 -> C17 -> C29 -> C26 -> C11 -> C28 -> C2 -> C30 -> C10 -> C9 -> C24 -> C22 -> C3 -> C21 -> C16 -> C7 -> C1 -> C12 -> C18 -> C4 -> C25 -> C13 -> C27 -> C5 -> C19 -> C23 -> C15 -> C14 -> C6 -> W
